name,address,type
GameScoreStateView::AddFaith,0x0041BE80,function
ItemVectorView::FromAngleMagnitude,0x0041BEB0,function
FrontEndControllerView::UpdateDifficulty,0x00430320,function
FrontEndControllerView::UpdateCharacter,0x004306A0,function
FrontEndControllerView::UpdateShotType,0x00430A60,function
FrontEndControllerView::UpdateStage,0x00430FF0,function
FrontEndControllerView::DrawStageScores,0x00431410,function
FrontEndControllerView::UpdateReplay,0x004315C0,function
FrontEndControllerView::DrawReplay,0x00431BA0,function
PbgArchive::PbgArchive,0x00434C10,function
PbgArchive::~PbgArchive,0x00434C20,function
PbgArchive::Load,0x00434C30,function
PbgArchive::Release,0x00434D10,function
PbgArchive::ReadDecompressEntry,0x00434DD0,function
PbgArchive::GetEntryDecompressedSize,0x00434EF0,function
PbgArchive::FindEntry,0x00434F30,function
PbgArchive::ParseHeader,0x00434F70,function
PbgArchive::AllocEntries,0x004350D0,function
PbgArchive::CopyFileName,0x00435220,function
PbgArchiveEntry::~PbgArchiveEntry,0x00435250,function
PbgArchive::SeekPastInt,0x00435270,function
PbgArchive::SeekPastString,0x00435280,function
PbgArchiveEntry::PbgArchiveEntry,0x004352C0,function
CPbgFile::CPbgFile,0x00435300,function
CPbgFile::~CPbgFile,0x00435340,function
CPbgFile::Open,0x00435370,function
CPbgFile::Close,0x00435460,function
CPbgFile::Read,0x00435490,function
CPbgFile::Write,0x004354D0,function
CPbgFile::Tell,0x00435510,function
CPbgFile::GetSize,0x00435530,function
CPbgFile::Seek,0x00435550,function
CPbgFile::ReadWholeFile,0x00435580,function
CPbgFile::GetFullFilePath,0x00435610,function
IPbgFile::~IPbgFile,0x00435690,function
CMemoryPbgFile::Write,0x00436370,function
CMemoryPbgFile::CMemoryPbgFile,0x00436380,function
CMemoryPbgFile::~CMemoryPbgFile,0x004363C0,function
CMemoryPbgFile::Open,0x00436400,function
CMemoryPbgFile::Close,0x00436430,function
CMemoryPbgFile::Read,0x00436460,function
CMemoryPbgFile::Tell,0x004364D0,function
CMemoryPbgFile::GetSize,0x004364E0,function
CMemoryPbgFile::Seek,0x004364F0,function
CWin32ResourcePbgFile::Open,0x004366C0,function
PbgArchive::LoadFromResource,0x00434CA0,function
DecompressData,0x00435DC0,function
ReplayFile::Open,0x0044B6B0,function
ReplayFile::Read,0x0044B790,function
FileSystem::LoadArchive,0x004357D0,function
FileSystem::Decrypt,0x0044B0D0,function
FileSystem::Encrypt,0x0044B220,function
FileSystem::CloseWriteFile,0x0044B7E0,function
GameErrorContext::Log,0x0044B810,function
GameErrorContext::Fatal,0x0044B8E0,function
GameManagerInitialize,0x00417870,function
GameManagerUpdateBody,0x00418190,function
GameManager::OnUpdate,0x004187C0,function
GameManager::OnDraw,0x004187D0,function
CompressData,0x004359B0,function
Lzss::InitTree,0x00435FA0,function
Lzss::InitEncoderState,0x00435FD0,function
Lzss::AddString,0x00436000,function
Lzss::DeleteString,0x00436210,function
Lzss::ContractNode,0x00436260,function
Lzss::ReplaceNode,0x004362B0,function
Lzss::FindNextNode,0x00436330,function
ReplayManager::SaveReplay,0x00429B60,function
ReplayManager::~ReplayManager,0x004294A0,function
ReplayManager::Create,0x00429610,function
ReplayManager::Load,0x004296F0,function
ReplayManager::Destroy,0x004297B0,function
ReplayManager::ProcessFrame,0x004297D0,function
RebuildPlayerOptions,0x00426F70,function
ReplayManager::Initialize,0x00428F60,function
ReplayManager::LoadReplay,0x0042A200,function
ReplayManager::BeginStage,0x0042A450,function
PlayerOptionTrailCallback,0x00427950,function
PlayerOptionSpecialCallback,0x00427AD0,function
PlayerOptionSpecialCallbackBody,0x00427AE0,function
PlayerDrawCallback,0x00426510,function
PlayerUpdateCallback,0x00426500,function
PlayerUpdateMovementAndOptions,0x004250B0,function
PlayerInitialize,0x004247F0,function
Player::Player,0x004246C0,function
PlayerTimerView::PlayerTimerView,0x004247C0,function
PlayerTimerView::HasIntervalTick,0x00427C70,function
PlayerFloor,0x00427C50,function
PlayerOptionRuntime::PlayerOptionRuntime,0x004247D0,function
PlayerEffectRowView::PlayerEffectRowView,0x004247E0,function
PlayerResetRuntimeState,0x00424D90,function
Player::~Player,0x00424ED0,function
PlayerCreate,0x00425020,function
PlayerUpdateShots,0x00428280,function
Player::CalculateDamageToTarget,0x00428630,function
EnemyRuntimeUpdate,0x0040DC80,function
EnemySpawn,0x0040CFB0,function
EnemyRuntimeView::EnemyRuntimeView,0x0040CC70,function
EnemyManagerUpdate,0x0040D750,function
EnemyManagerUpdateCallback,0x0040D810,function
EnemyManagerDrawCallback,0x0040D820,function
EnemyFullObjectView::EnemyFullObjectView,0x0040D830,function
EnemyFullObjectView::~EnemyFullObjectView,0x0040DAE0,function
EnemyFinalizeDeath,0x0040E5F0,function
EnemyEclResourceView::LoadFile,0x0040CD20,function
EnemyManagerView::EnemyManagerView,0x0040D260,function
EnemyManagerView::Initialize,0x0040D280,function
EnemyEclResourceView::EnemyEclResourceView,0x0040D3D0,function
EnemyEclResourceView::LoadPackage,0x0040D400,function
EnemyManagerView::~EnemyManagerView,0x0040D530,function
EnemyEclResourceView::~EnemyEclResourceView,0x0040D680,function
EnemyManagerCreate,0x0040D6B0,function
EnemyFullObjectView::DispatchEclInstruction,0x0040E760,function
EnemyRuntimeView::DispatchEclInstruction,0x0040E770,function
EnemyRuntimeView::ReadIntArgument,0x00412A00,function
EnemyRuntimeView::ResolveIntArgument,0x00412A10,function
EnemyFullObjectView::ReadIntOperand,0x00411FC0,function
EnemyFullObjectView::ResolveIntOperand,0x00412300,function
EnemyFullObjectView::ReadFloatOperand,0x00412350,function
EnemyFullObjectView::ResolveFloatOperand,0x004126D0,function
EnemyEclHostBaseView::DispatchEclInstruction,0x0040C5E0,function
EnemyEclHostBaseView::ReadIntOperand,0x0040C690,function
EnemyEclHostBaseView::ResolveIntOperand,0x0040C6A0,function
EnemyEclHostBaseView::ReadFloatOperand,0x0040C6B0,function
EnemyEclHostBaseView::ResolveFloatOperand,0x0040C6C0,function
EnemyEclHostBaseView::ReleaseEclAllocations,0x0040C6E0,function
EnemyEclHostBaseView::EnemyEclHostBaseView,0x0040C710,function
EnemyEclHostBaseView::ResetEclState,0x0040C730,function
EnemyEclHostBaseView::~EnemyEclHostBaseView,0x0040C780,function
EnemyEclContextView::EnemyEclContextView,0x0040C800,function
EnemyEclResourceBaseView::LoadPackage,0x0040C810,function
EnemyEclResourceBaseView::GetScriptData,0x0040C820,function
EnemyEclResourceBaseView::EnemyEclResourceBaseView,0x0040C830,function
EnemyEclResourceBaseView::~EnemyEclResourceBaseView,0x0040C860,function
th10::leaf::Fn0040CC10,0x0040CC10,function
th10::leaf::Fn0040CC20,0x0040CC20,function
th10::leaf::Fn0040CC30,0x0040CC30,function
th10::leaf::Fn0040CC40,0x0040CC40,function
AnmVmView::~AnmVmView,0x00401FF0,function
AnmVmView::AnmVmView,0x00402050,function
AnmVmView::Initialize,0x00401DE0,function
AnmMatrixView::SetIdentity,0x00401F00,function
AnmVmTimerView::Initialize,0x00401F40,function
AsciiManagerView::AsciiManagerView,0x00401000,function
AsciiManagerView::GetSize,0x00401C90,function
AsciiManagerCreate,0x00401440,function
AsciiManagerView::ResetStrings,0x004014D0,function
AsciiManagerView::OnUpdate,0x004014F0,function
AsciiManagerView::OnDrawLowPriority,0x00401510,function
AsciiManagerView::OnDrawHighPriority,0x00401520,function
AsciiManagerView::AddString,0x00401530,function
AsciiManagerView::AddGuiString,0x004015C0,function
AsciiManagerView::AddFormatText,0x00401630,function
AsciiManagerView::AddSmallFormatText,0x00401690,function
AsciiManagerView::EnsureSelectionVm,0x0040C540,function
AsciiManagerView::AddGuiFormatText,0x00401700,function
AsciiManagerDrawStrings,0x00401760,function
AsciiManagerDrawGuiStrings,0x00401A50,function
AsciiManagerView::Initialize,0x00401110,function
AsciiManagerView::~AsciiManagerView,0x00401260,function
AnmRenderManagerView::ClearVertexBuffer,0x00442F30,function
AnmRenderManagerView::FlushVertexBuffer,0x00442F50,function
AnmRenderManagerView::AddSpriteToDrawBuffer,0x00442FE0,function
AnmRenderManagerView::DrawNoRotation,0x00443080,function
AnmRenderManagerView::DrawNoRotationNoRound,0x00443290,function
MixAnmColor,0x004423C0,function
AnmRenderManagerView::SetRenderStateForVm3D,0x004423E0,function
AnmRenderManagerView::SetRenderStateForVm,0x004425A0,function
AnmRenderManagerView::DrawInner,0x00442670,function
AnmRenderManagerView::TranslateRotation,0x00443680,function
AnmRenderManagerView::ProjectCameraFacingQuad,0x00443B60,function
AnmRenderManagerView::DrawCameraFacingQuad,0x00443F80,function
AnmRenderManagerView::DrawMode6,0x00443FB0,function
AnmRenderManagerView::Project3DQuad,0x00444240,function
AnmRenderManagerView::DrawProjected3DQuad,0x00444580,function
AnmRenderManagerView::DrawMode7,0x004445C0,function
AnmRenderManagerView::Draw3D,0x00444760,function
AnmRenderManagerView::InitializeHorizontalTextureStrip,0x00444B10,function
AnmRenderManagerView::InitializeVerticalTextureStrip,0x00444BE0,function
AnmRenderManagerView::SetGeneratedVertexColor,0x00444CB0,function
AnmRenderManagerView::DrawGeneratedVertices,0x00444CE0,function
AnmRenderManagerView::QueueSpriteQuad,0x00444DC0,function
AnmRenderManagerView::DrawUntexturedTriangleStrip,0x00444E60,function
AnmRenderManagerView::DrawUntexturedTriangleFan,0x00444FA0,function
AnmRenderManagerView::DrawTexturedTriangleFan,0x004450E0,function
AnmRenderManagerView::Draw2D,0x004436C0,function
AnmRenderManagerView::Draw2DRotatedOrAxisAligned,0x00443910,function
AnmRenderManagerView::Draw,0x004451C0,function
AnmPairOwnerDrawCallback,0x00409230,function
AnmVmView::InitializePulsingRadialTrail,0x004452F0,function
UpdatePulsingRadialTrail,0x00445620,function
DrawPulsingRadialTrail,0x00445880,function
AnmFloat3View::FromAngleMagnitude,0x004458B0,function
RngView::GetRandomU16,0x0044B9B0,function
RngView::GetRandomU32,0x0044B9E0,function
RngView::GetRandomF32,0x0044BB20,function
RngView::GetRandomF32Signed,0x0044BB90,function
AnmVmView::GetFloatVar,0x0043EAC0,function
AnmVmView::GetIntVar,0x0043EC70,function
AnmVmView::GetFloatVarPtr,0x0043ED00,function
AnmVmView::GetIntVarPtr,0x0043EDA0,function
AnmVmFloat3InterpolationView::Evaluate,0x00404610,function
AnmVmLayerNodeView::InsertAfter,0x00413200,function
AnmVmView::StartScaleInterpolation,0x0041AB70,function
AnmLoadedView::SetSprite,0x0043E5A0,function
AnmRenderManagerView::ExecuteScript,0x0043EE30,function
AnmVmColorInterpolationView::Evaluate,0x00441600,function
AnmVmAlphaInterpolationView::Evaluate,0x00441950,function
AnmVmFloat2InterpolationView::Evaluate,0x00441AD0,function
AnmInt3View::operator*,0x00441E50,function
AnmVmView::StartSecondaryAlphaInterpolation,0x00441F50,function
AnmVmView::StartSecondaryColorInterpolation,0x00442050,function
AnmVmView::StartPrimaryColorInterpolation,0x00442220,function
AnmVmView::StartPrimaryAlphaInterpolation,0x00442300,function
AddNormalizeAngle,0x0044BC10,function
AnmVmTimerView::Add,0x0044BF40,function
CalculateAnmInterpolation,0x0044C350,function
AnmLoadedView::CreateVmVariant0,0x00448D00,function
AnmLoadedView::CreateVmVariant2,0x00448E30,function
AnmLoadedView::CreateVmVariant1,0x00448F60,function
AnmLoadedView::CreateVmVariant3,0x00449090,function
AnmVmIdView::GetVm,0x00449450,function
AnmVmIdView::SetInterrupt,0x00449470,function
AnmVmIdView::SetFlag2,0x00449590,function
AnmVmIdView::ClearFlag2,0x004495E0,function
AnmVmIdView::Release,0x00449630,function
AnmLoadedView::InitializeVm,0x00449870,function
AnmRenderManagerView::AddVmVariant0,0x004489D0,function
AnmRenderManagerView::AddVmVariant2,0x00448A50,function
AnmRenderManagerView::AddVmVariant1,0x00448AC0,function
AnmRenderManagerView::AddVmVariant3,0x00448B40,function
AnmRenderManagerView::RemoveVm,0x00448BB0,function
AnmRenderManagerView::UpdatePrimaryVms,0x00448860,function
AnmRenderManagerView::UpdateSecondaryVms,0x00448900,function
AnmRenderManagerView::DrawLayer,0x00448980,function
AnmRenderManagerView::~AnmRenderManagerView,0x00446220,function
AnmRenderManagerView::FindVm,0x004491C0,function
AnmRenderManagerView::AllocateVm,0x00449950,function
AnmLoadedView::SetAndExecuteScriptIndex,0x0043E7E0,function
AnmLoadedView::InitializeAndExecuteScriptIndex,0x0043E710,function
AnmLoadedView::CreateVmAtScreenVariant0,0x00448D50,function
AnmLoadedView::CreateVmAtWorldVariant0,0x00448DB0,function
AnmLoadedView::CreateVmAtScreenVariant2,0x00448E80,function
AnmLoadedView::CreateVmAtWorldVariant2,0x00448EE0,function
AnmLoadedView::CreateVmAtScreenVariant1,0x00448FB0,function
AnmLoadedView::CreateVmAtWorldVariant1,0x00449010,function
AnmLoadedView::CreateVmAtScreenVariant3,0x004490E0,function
AnmLoadedView::CreateVmAtWorldVariant3,0x00449140,function
AnmRenderManagerView::SetVmPendingInterrupt,0x00449210,function
AnmRenderManagerView::SetVmPendingInterruptAndExecute,0x00449250,function
AnmRenderManagerView::MarkVmForDeletion,0x004492A0,function
AnmRenderManagerView::SetVmPosition,0x004492F0,function
AnmSetVmScriptIndexAndExecute,0x004496D0,function
AnmRenderManagerView::SetVmWorldPosition,0x00449350,function
AnmRenderManagerView::GetVmPosition,0x004493C0,function
AnmRenderManagerView::MarkLoadedVmsForDeletion,0x004493E0,function
AnmLoadedView::SetAndExecuteScriptIdx,0x0043E8B0,function
AnmRenderManagerView::AnmRenderManagerView,0x00445900,function
AnmRenderManagerView::SetupVertexBuffer,0x004462F0,function
AnmRenderManagerView::ApplyTextureAlphaBleed,0x004465B0,function
AnmRenderManagerView::LoadTexture,0x00446C70,function
AnmRenderManagerView::LoadTextureRegion,0x00446D70,function
AnmRenderManagerView::CreateTextureFromFile,0x00446EB0,function
AnmRenderManagerView::CreateTextureFromAnm,0x00446F40,function
AnmRenderManagerView::CreateEmptyTexture,0x00447050,function
AnmRenderManagerView::LoadAnm,0x00447080,function
AnmRenderManagerView::ReadAnmEntries,0x004470C0,function
AnmRenderManagerView::PreloadAnm,0x00447280,function
AnmRenderManagerView::LoadExternalTextureData,0x004472E0,function
AnmRenderManagerView::PostloadAnmEntry,0x004473C0,function
AnmRenderManagerView::LoadTextureData,0x00447470,function
AnmRenderManagerView::ServicePreloadedAnms,0x00447700,function
AnmRenderManagerView::ReleaseAnm,0x004477D0,function
AnmLoadedView::Release,0x00447810,function
AnmLoadedView::LoadSprite,0x00447940,function
AnmRenderManagerView::DrawTextInner,0x004479D0,function
AnmRenderManagerView::DrawTextLeft,0x00447A50,function
AnmRenderManagerView::DrawTextRight,0x00447AE0,function
AnmRenderManagerView::DrawTextCentered,0x00447BB0,function
AnmRenderManagerView::LoadSurface,0x00447C80,function
AnmRenderManagerView::PreloadSurface,0x00447EC0,function
AnmRenderManagerView::ReleaseSurface,0x00447F70,function
AnmRenderManagerView::CopySurfaceToBackbuffer,0x00447FD0,function
AnmRenderManagerView::CopySurfaceToBackbuffer2,0x00448120,function
AnmRenderManagerView::CaptureToTexture,0x00448270,function
AnmRenderManagerView::CopyTextureRect,0x00448360,function
AnmRenderManagerView::CaptureToSurface,0x00448450,function
EnemyResolveRuntimeCallback,0x004127A0,function
PlayerUpdateCallbackBody,0x00425730,function
EclVmContext::StartSubroutine,0x0044DF70,function
EclVmContext::Run,0x0044E1A0,function
EclVmHost::Run,0x0044FD10,function
GuiView::UpdateStageElements,0x00414900,function
GuiMessageVmView::Run,0x00415E90,function
GuiScoreView::Add,0x00409D90,function
WinMain,0x00438AD0,function
GameWindowView::WindowProc,0x004390E0,function
GameWindowView::Present,0x004391F0,function
GameWindowView::Render,0x00439390,function
GameWindowView::GetTimestamp,0x00439540,function
GameWindowView::InitD3DInterface,0x00439700,function
GameWindowView::CreateGameWindow,0x00439730,function
GameWindowView::InitD3DRendering,0x00439890,function
GameWindowView::ResetRenderState,0x00439D20,function
GameWindowView::CheckForRunningGameInstance,0x00439FF0,function
GameWindowView::CalcExecutableChecksum,0x0043A1C0,function
FrontEndControllerView::Update,0x0042CDF0,function
FrontEndControllerView::SetScreenTarget,0x0042C5C0,function
FrontEndControllerView::SetScreenStateTarget,0x0042C620,function
FrontEndDeleteVm,0x0042C6D0,function
FrontEndControllerView::UpdateOptions,0x0042D920,function
FrontEndControllerView::RefreshOptionsDisplay,0x0042E5A0,function
FrontEndControllerView::UpdateKeyConfig,0x0042F540,function
FrontEndControllerView::RefreshKeyConfigDisplay,0x0042F8B0,function
FrontEndControllerView::AssignKeyConfigBinding,0x00430250,function
FrontEndControllerView::UpdatePractice,0x00431EE0,function
FrontEndControllerView::RefreshPracticeRecords,0x00432690,function
FrontEndControllerView::Draw,0x0042D260,function
FrontEndControllerView::DrawPractice,0x004329F0,function
FrontEndControllerView::UpdateScoreEntry,0x00432CB0,function
FrontEndControllerView::DrawScoreEntry,0x00433230,function
EclVmContext::ReadInt,0x0044FDB0,function
EclVmContext::ReadFloat,0x0044FE40,function
EclVmContext::ReadIntValue,0x0044FF00,function
EclVmContext::ReadFloatValue,0x0044FF80,function
EclVmContext::ResolveInt,0x00450030,function
EclVmContext::ResolveFloat,0x00450070,function
EclVmHost::SpawnThread,0x004500D0,function
EclVmHost::FindThread,0x00450160,function
EclVmHost::StopAllThreads,0x00450190,function
EclVmScriptDatabase::AddScriptData,0x00450220,function
EclVmScriptDatabase::FindSubroutine,0x00450470,function
EclVmStackView::Push,0x004505B0,function
EclVmStackView::Pop,0x00450610,function
EclVmStackView::EnterFrame,0x00450690,function
EclVmStackView::LeaveFrame,0x004506D0,function
EclVmPolarVectorView::FromAngleMagnitude,0x004501B0,function
th10::leaf::Fn004501E0,0x004501E0,function
FpsCounterView::CalculateFps,0x004134B0,function
FpsCounterView::DrawFpsCounter,0x004135D0,function
EnemySetMotionAngle,0x00413170,function
GuiSetLivesDisplayCount,0x00413790,function
EnemyWrapAngle,0x0044BC70,function
MainInitializeSystemParameters,0x004392E0,function
MainRestoreSystemParameters,0x00439350,function
MainGetTimestampUnlocked,0x00439660,function
EnemyMarkPendingInterrupt,0x00409E50,function
EnemySoundQueueView::QueueSoundSample,0x0043DC90,function
EnemySoundQueueView::QueueSoundCue,0x0043DD10,function
EnemyDropVectorView::FromAngleRadii,0x00413270,function
EnemyLaserVectorView::FromAngleMagnitude,0x0041F800,function
EnemyLaserBoundaryStateView::UpdateBoundary,0x0041CFD0,function
EnemyLaserType0CollisionView::CheckCollisionBox,0x0041D880,function
EnemyLaserType0CollisionView::CheckCollisionCircle,0x0041DD80,function
EnemyLaserType1CollisionView::CheckCollisionBox,0x0041EB00,function
EnemyLaserType1CollisionView::CheckCollisionCircle,0x0041EFA0,function
AnmOpcodeVectorView::FromAngleMagnitude,0x00408750,function
AnmScriptVectorView::FromAngleMagnitude,0x00441EF0,function
EnemyRuntimeVectorView::FromAngleMagnitude,0x0044C5D0,function
PlayerShotBoundsView::IsOutsidePlayfield,0x00428D70,function
EnemyLaserVectorView::IsOutsidePlayfield,0x0041F7A0,function
EnemyBulletPositionView::IsOutsidePlayfield,0x004086B0,function
EnemySetChapter,0x00412ED0,function
EnemySetLaserPosition,0x0040CF60,function
EnemyFindLaser,0x0040CF90,function
EnemyConfigureInterrupt,0x00412720,function
EnemyWaitForEffect,0x0041C7D0,function
EnemyApplyBulletClear,0x0041C850,function
FrontEndCursorView::Push,0x0044BE20,function
FrontEndCursorView::Pop,0x0044BE70,function
FrontEndCursorView::Move,0x0044BEA0,function
CSound::Pause,0x0044D5B0,function
CStreamingSound::~CStreamingSound,0x0044D730,function
CSound::~CSound,0x0044D080,function
GameScoreStateView::AddRank,0x00405B60,function
FrontEndCursorSetCurrent,0x0040AD20,function
FrontEndInputView::IsRepeated,0x0040ACE0,function
GameScoreStateView::DecayFaith,0x00412E70,function
GameScoreStateView::SetFaith,0x00418B80,function
GameScoreStateView::SetTimerCurrent,0x0042A930,function
AnmVmIdView::SetSprite,0x00449670,function
AnmVmIdView::SetSpriteWithAnm,0x004496A0,function
MainSupervisorView::SetNextGameMode,0x0040AC90,function
PlayerAngleToPoint,0x00426610,function
EnemyAngleFromPlayer,0x00426660,function
StartSoundLoadThread,0x0043D0F0,function
ItemManagerView::OnDraw,0x0041BA30,function
MidiOutputView::StopPlayback,0x0043AE20,function
MidiOutputView::UnprepareHeader,0x0043AEB0,function
FrontEndUpdateCallback,0x0042D2E0,function
FrontEndDrawCallback,0x0042D2F0,function
CSound::RestoreBuffer,0x0044D300,function
CSound::GetFreeBuffer,0x0044D370,function
CSound::FillBufferWithSound,0x0044D110,function
CSound::Play,0x0044D440,function
CSound::Reset,0x0044D600,function
CSound::SetVolume,0x0044D4E0,function
CSound::Stop,0x0044D550,function
CWaveFile::Reopen,0x0044DCA0,function
CWaveFile::ResetFile,0x0044DD40,function
CWaveFile::Read,0x0044DE10,function
EnemyEnableBombShield,0x0040CEA0,function
SoundPlayerView::GetFmtIndexByName,0x0043D2A0,function
SoundPlayerView::ReopenBgm,0x0043D790,function
SoundPlayerView::LoadBgm,0x0043D950,function
CSoundManager::CreateStreamingFromMemory,0x0044CBF0,function
SoundPlayerView::StopBgm,0x0043DAB0,function
CSound::Unpause,0x0044D5D0,function
AnmVmTimerView::SetCurrent,0x00405410,function
BulletRuntimeView::AdvanceTransformProgram,0x00406D90,function
EnemyCancelBulletRecord,0x00408030,function
AnmVmView::InitializeForLoadedScript,0x00404F30,function
BulletManagerView::SpawnSingleBullet,0x004067D0,function
BulletManagerView::SpawnBulletPattern,0x004073E0,function
BulletRuntimeView::Deactivate,0x00405BE0,function
BulletPositionView::IsOutsidePlayfield,0x00406160,function
BulletWrapPositionView::IsOutsidePlayfield,0x004061D0,function
BulletUpdateRuntime,0x00406240,function
BulletManagerView::UpdateBullets,0x004065C0,function
BulletRuntimeView::UpdateDeceleration,0x004074B0,function
BulletRuntimeView::UpdateVectorAcceleration,0x00407560,function
BulletRuntimeView::UpdatePolarAcceleration,0x004076A0,function
BulletManagerUpdateCallback,0x00406770,function
BulletRuntimeView::UpdateRelativeDirectionChange,0x00407780,function
BulletRuntimeView::UpdateAbsoluteDirectionChange,0x004078E0,function
BulletRuntimeView::UpdateAimedDirectionChange,0x00407A30,function
BulletAngleDifference,0x00408660,function
BulletRuntimeView::UpdateBoundaryBounce,0x00407BE0,function
BulletRuntimeView::UpdateHorizontalWrap,0x00407DA0,function
BulletRuntimeView::UpdateVerticalWrap,0x00407E40,function
BulletRuntimeView::UpdateState8,0x00407EF0,function
PlayerCollisionPositionView::CheckPlayerCollision,0x004266B0,function
AnmRandomU32InRange,0x0043CB80,function
th10::leaf::Fn0040C460,0x0040C460,function
th10::leaf::Fn0040C520,0x0040C520,function
th10::leaf::Fn0040C5B0,0x0040C5B0,function
th10::leaf::Fn0040C5C0,0x0040C5C0,function
th10::leaf::Fn0040C5D0,0x0040C5D0,function
th10::leaf::Fn0040C890,0x0040C890,function
th10::leaf::Fn0040C8A0,0x0040C8A0,function
th10::leaf::Fn0040C8B0,0x0040C8B0,function
th10::leaf::Fn0040C8C0,0x0040C8C0,function
th10::leaf::Fn0040C8D0,0x0040C8D0,function
th10::leaf::Fn0040C8E0,0x0040C8E0,function
th10::leaf::Fn0040C8F0,0x0040C8F0,function
th10::leaf::Fn0040C900,0x0040C900,function
th10::leaf::Fn0040C910,0x0040C910,function
th10::leaf::Fn0040C940,0x0040C940,function
th10::leaf::Fn0040C950,0x0040C950,function
th10::leaf::Fn0040C980,0x0040C980,function
th10::leaf::Fn0040C990,0x0040C990,function
th10::leaf::Fn0040CD10,0x0040CD10,function
th10::leaf::Fn0040CD90,0x0040CD90,function
th10::leaf::Fn0040CDA0,0x0040CDA0,function
th10::leaf::Fn0040CDB0,0x0040CDB0,function
th10::leaf::Fn0040CDE0,0x0040CDE0,function
th10::leaf::Fn0040CDF0,0x0040CDF0,function
th10::leaf::Fn0040CE00,0x0040CE00,function
th10::leaf::Fn0040CE40,0x0040CE40,function
th10::leaf::Fn0040CE70,0x0040CE70,function
th10::leaf::Fn0040CE90,0x0040CE90,function
th10::leaf::Fn0040CED0,0x0040CED0,function
th10::leaf::Fn0040D4F0,0x0040D4F0,function
th10::leaf::Fn0040D500,0x0040D500,function
th10::leaf::Fn0040D800,0x0040D800,function
th10::leaf::Fn00412790,0x00412790,function
th10::leaf::Fn00412D50,0x00412D50,function
th10::leaf::Fn00412D60,0x00412D60,function
th10::leaf::Fn00412D70,0x00412D70,function
th10::leaf::Fn00412D80,0x00412D80,function
th10::leaf::Fn00412D90,0x00412D90,function
th10::leaf::Fn00412DA0,0x00412DA0,function
th10::leaf::Fn00412DF0,0x00412DF0,function
th10::leaf::Fn00412E00,0x00412E00,function
th10::leaf::Fn00412F50,0x00412F50,function
th10::leaf::Fn00412F60,0x00412F60,function
th10::leaf::Fn00412FA0,0x00412FA0,function
th10::leaf::Fn00412FE0,0x00412FE0,function
th10::leaf::Fn004130A0,0x004130A0,function
th10::leaf::Fn004130C0,0x004130C0,function
th10::leaf::Fn004130D0,0x004130D0,function
th10::leaf::Fn004131A0,0x004131A0,function
th10::leaf::Fn004131B0,0x004131B0,function
th10::leaf::Fn004131F0,0x004131F0,function
th10::leaf::Fn004136A0,0x004136A0,function
th10::leaf::Fn004136B0,0x004136B0,function
th10::leaf::Fn00413730,0x00413730,function
th10::leaf::Fn00413770,0x00413770,function
th10::leaf::Fn004137E0,0x004137E0,function
th10::leaf::Fn00417010,0x00417010,function
th10::leaf::Fn00417580,0x00417580,function
th10::leaf::Fn00417590,0x00417590,function
th10::leaf::Fn004175A0,0x004175A0,function
th10::leaf::Fn004175B0,0x004175B0,function
th10::leaf::Fn004175C0,0x004175C0,function
th10::leaf::Fn004175D0,0x004175D0,function
th10::leaf::Fn004175E0,0x004175E0,function
th10::leaf::Fn00417600,0x00417600,function
th10::leaf::Fn00417630,0x00417630,function
th10::leaf::Fn00417640,0x00417640,function
th10::leaf::Fn00417650,0x00417650,function
th10::leaf::Fn00417680,0x00417680,function
th10::leaf::Fn00417690,0x00417690,function
th10::leaf::Fn004176A0,0x004176A0,function
th10::leaf::Fn004176B0,0x004176B0,function
th10::leaf::Fn004176C0,0x004176C0,function
th10::leaf::Fn004176D0,0x004176D0,function
th10::leaf::Fn004176E0,0x004176E0,function
th10::leaf::Fn004176F0,0x004176F0,function
th10::leaf::Fn00417700,0x00417700,function
th10::leaf::Fn00417710,0x00417710,function
th10::leaf::Fn004177C0,0x004177C0,function
th10::leaf::Fn004177E0,0x004177E0,function
th10::leaf::Fn004189E0,0x004189E0,function
th10::leaf::Fn004189F0,0x004189F0,function
th10::leaf::Fn00418A90,0x00418A90,function
th10::leaf::Fn00418AB0,0x00418AB0,function
th10::leaf::Fn00418AC0,0x00418AC0,function
th10::leaf::Fn00418B10,0x00418B10,function
th10::leaf::Fn00418B30,0x00418B30,function
th10::leaf::Fn00418B40,0x00418B40,function
th10::leaf::Fn00418B50,0x00418B50,function
th10::leaf::Fn00418B60,0x00418B60,function
th10::leaf::Fn00418B70,0x00418B70,function
th10::leaf::Fn00418BD0,0x00418BD0,function
th10::leaf::Fn00418BE0,0x00418BE0,function
th10::leaf::Fn00418BF0,0x00418BF0,function
th10::leaf::Fn00418C00,0x00418C00,function
th10::leaf::Fn00418C10,0x00418C10,function
th10::leaf::Fn00418C20,0x00418C20,function
th10::leaf::Fn00419890,0x00419890,function
th10::leaf::Fn004198B0,0x004198B0,function
th10::leaf::Fn0041AB50,0x0041AB50,function
th10::leaf::Fn0041AB60,0x0041AB60,function
th10::leaf::Fn0041AC00,0x0041AC00,function
th10::leaf::Fn0041AC10,0x0041AC10,function
th10::leaf::Fn0041AC20,0x0041AC20,function
th10::leaf::Fn0041AC30,0x0041AC30,function
th10::leaf::Fn0041ACA0,0x0041ACA0,function
th10::leaf::Fn0041BEE0,0x0041BEE0,function
th10::leaf::Fn0041BEF0,0x0041BEF0,function
th10::leaf::Fn0041BF10,0x0041BF10,function
th10::leaf::Fn0041BF20,0x0041BF20,function
th10::leaf::Fn0041BF90,0x0041BF90,function
th10::leaf::Fn0041BFA0,0x0041BFA0,function
th10::leaf::Fn0041BFB0,0x0041BFB0,function
th10::leaf::Fn0041BFC0,0x0041BFC0,function
th10::leaf::Fn0041BFD0,0x0041BFD0,function
th10::leaf::Fn0041BFE0,0x0041BFE0,function
th10::leaf::Fn0041BFF0,0x0041BFF0,function
th10::leaf::Fn0041C000,0x0041C000,function
th10::leaf::Fn0041C010,0x0041C010,function
th10::leaf::Fn0041C020,0x0041C020,function
th10::leaf::Fn0041C030,0x0041C030,function
th10::leaf::Fn0041D870,0x0041D870,function
th10::leaf::Fn0041EAF0,0x0041EAF0,function
th10::leaf::Fn0041F820,0x0041F820,function
th10::leaf::Fn0041F840,0x0041F840,function
th10::leaf::Fn0041FF00,0x0041FF00,function
th10::leaf::Fn0041FF30,0x0041FF30,function
th10::leaf::Fn0041FF40,0x0041FF40,function
th10::leaf::Fn004200C0,0x004200C0,function
th10::leaf::Fn00420DC0,0x00420DC0,function
th10::leaf::Fn00421B70,0x00421B70,function
th10::leaf::Fn00421C90,0x00421C90,function
th10::leaf::Fn00421CA0,0x00421CA0,function
th10::leaf::Fn00421CB0,0x00421CB0,function
th10::leaf::Fn00421CC0,0x00421CC0,function
th10::leaf::Fn00421CE0,0x00421CE0,function
th10::leaf::Fn00421CF0,0x00421CF0,function
th10::leaf::Fn00421D40,0x00421D40,function
th10::leaf::Fn00421D70,0x00421D70,function
th10::leaf::Fn00421D80,0x00421D80,function
th10::leaf::Fn00421D90,0x00421D90,function
th10::leaf::Fn00421DA0,0x00421DA0,function
th10::leaf::Fn00421DB0,0x00421DB0,function
th10::leaf::Fn00421DC0,0x00421DC0,function
th10::leaf::Fn00421DD0,0x00421DD0,function
th10::leaf::Fn00421DE0,0x00421DE0,function
th10::leaf::Fn00421DF0,0x00421DF0,function
th10::leaf::Fn00421EF0,0x00421EF0,function
th10::leaf::Fn00421F50,0x00421F50,function
th10::leaf::Fn004221E0,0x004221E0,function
th10::leaf::Fn004221F0,0x004221F0,function
th10::leaf::Fn00424590,0x00424590,function
th10::leaf::Fn004245A0,0x004245A0,function
th10::leaf::Fn004245F0,0x004245F0,function
th10::leaf::Fn00424600,0x00424600,function
th10::leaf::Fn00424620,0x00424620,function
th10::leaf::Fn00424640,0x00424640,function
th10::leaf::Fn00427C40,0x00427C40,function
th10::leaf::Fn00427D50,0x00427D50,function
th10::leaf::Fn00427D70,0x00427D70,function
th10::leaf::Fn00427D80,0x00427D80,function
th10::leaf::Fn00427DF0,0x00427DF0,function
th10::leaf::Fn00427E00,0x00427E00,function
th10::leaf::Fn00427E20,0x00427E20,function
th10::leaf::Fn0042A810,0x0042A810,function
th10::leaf::Fn0042A820,0x0042A820,function
th10::leaf::Fn0042A970,0x0042A970,function
th10::leaf::Fn0042A980,0x0042A980,function
th10::leaf::Fn0042A990,0x0042A990,function
th10::leaf::Fn0042A9B0,0x0042A9B0,function
th10::leaf::Fn0042A9C0,0x0042A9C0,function
th10::leaf::Fn0042A9D0,0x0042A9D0,function
th10::leaf::Fn0042AC10,0x0042AC10,function
th10::leaf::Fn0042B420,0x0042B420,function
th10::leaf::Fn0042BAB0,0x0042BAB0,function
th10::leaf::Fn0042C5A0,0x0042C5A0,function
th10::leaf::Fn0042C830,0x0042C830,function
th10::leaf::Fn00434B70,0x00434B70,function
th10::leaf::Fn00434B90,0x00434B90,function
th10::leaf::Fn00434BC0,0x00434BC0,function
th10::leaf::Fn00434BE0,0x00434BE0,function
th10::leaf::Fn00434BF0,0x00434BF0,function
th10::leaf::Fn00434C00,0x00434C00,function
th10::leaf::Fn004352D0,0x004352D0,function
th10::leaf::Fn004352E0,0x004352E0,function
th10::leaf::Fn004352F0,0x004352F0,function
th10::leaf::Fn004359A0,0x004359A0,function
th10::leaf::Fn004367E0,0x004367E0,function
th10::leaf::Fn004367F0,0x004367F0,function
th10::leaf::Fn00436800,0x00436800,function
th10::leaf::Fn00436810,0x00436810,function
th10::leaf::Fn00436820,0x00436820,function
th10::leaf::Fn00436830,0x00436830,function
th10::leaf::Fn00436840,0x00436840,function
th10::leaf::Fn00436850,0x00436850,function
th10::leaf::Fn004369E0,0x004369E0,function
th10::leaf::Fn004381E0,0x004381E0,function
th10::leaf::Fn00438870,0x00438870,function
th10::leaf::Fn004389C0,0x004389C0,function
th10::leaf::Fn004389D0,0x004389D0,function
th10::leaf::Fn004389E0,0x004389E0,function
th10::leaf::Fn0043A490,0x0043A490,function
th10::leaf::Fn0043AF00,0x0043AF00,function
th10::leaf::Fn0043B8C0,0x0043B8C0,function
th10::leaf::Fn0043BBF0,0x0043BBF0,function
th10::leaf::Fn0043BC00,0x0043BC00,function
th10::leaf::Fn0043BC10,0x0043BC10,function
th10::leaf::Fn0043CBE0,0x0043CBE0,function
th10::leaf::Fn0043CC30,0x0043CC30,function
th10::leaf::Fn0043E520,0x0043E520,function
th10::leaf::Fn0043E530,0x0043E530,function
th10::leaf::Fn0043E570,0x0043E570,function
th10::leaf::Fn00441940,0x00441940,function
th10::leaf::Fn00441D60,0x00441D60,function
th10::leaf::Fn00441FD0,0x00441FD0,function
th10::leaf::Fn00441FE0,0x00441FE0,function
th10::leaf::Fn00441FF0,0x00441FF0,function
th10::leaf::Fn00442000,0x00442000,function
th10::leaf::Fn00442170,0x00442170,function
th10::leaf::Fn00442390,0x00442390,function
th10::leaf::Fn004423A0,0x004423A0,function
th10::leaf::Fn00449A20,0x00449A20,function
Chain::RemoveAllFromList,0x00449E50,function
Chain::UnregisterElem,0x00449F60,function
th10::leaf::Fn0044C0E0,0x0044C0E0,function
th10::leaf::Fn0044C250,0x0044C250,function
th10::leaf::Fn0044C600,0x0044C600,function
th10::leaf::Fn0044C610,0x0044C610,function
th10::leaf::Fn0044C620,0x0044C620,function
th10::leaf::Fn0044DBB0,0x0044DBB0,function
th10::leaf::Fn0044DD30,0x0044DD30,function
th10::leaf::Fn0044DF10,0x0044DF10,function
th10::leaf::Fn0044DF30,0x0044DF30,function
th10::leaf::Fn0044DF40,0x0044DF40,function
th10::leaf::Fn0044DF50,0x0044DF50,function
th10::leaf::Fn0044DF60,0x0044DF60,function
th10::leaf::Fn004050D0,0x004050D0,function
th10::leaf::Fn0040CF40,0x0040CF40,function
th10::leaf::Fn00412DB0,0x00412DB0,function
th10::leaf::Fn00417800,0x00417800,function
th10::leaf::Fn00424EB0,0x00424EB0,function
th10::leaf::Fn00424EC0,0x00424EC0,function
th10::leaf::Fn00436640,0x00436640,function
th10::leaf::Fn004452E0,0x004452E0,function
th10::leaf::Fn004458A0,0x004458A0,function
th10::leaf::Fn00401CB0,0x00401CB0,function
th10::leaf::Fn00401CC0,0x00401CC0,function
th10::leaf::Fn00401CD0,0x00401CD0,function
th10::leaf::Fn00401D10,0x00401D10,function
th10::leaf::Fn00401D90,0x00401D90,function
th10::leaf::Fn00401DB0,0x00401DB0,function
th10::leaf::LeafIdentity00401100View::Get,0x00401100,function
th10::leaf::Fn00401F60,0x00401F60,function
th10::leaf::Fn00401F70,0x00401F70,function
th10::leaf::Fn00401F80,0x00401F80,function
th10::leaf::Fn00401F90,0x00401F90,function
th10::leaf::LeafIdentity00401FA0View::Get,0x00401FA0,function
th10::leaf::Fn00401FB0,0x00401FB0,function
th10::leaf::Fn00401FC0,0x00401FC0,function
th10::leaf::Fn004020B0,0x004020B0,function
th10::leaf::Fn004020F0,0x004020F0,function
th10::leaf::Fn00402100,0x00402100,function
th10::leaf::Fn00402110,0x00402110,function
th10::leaf::Fn00402120,0x00402120,function
th10::leaf::Fn00402130,0x00402130,function
th10::leaf::Fn00402140,0x00402140,function
th10::leaf::Fn00402150,0x00402150,function
th10::leaf::Fn00402220,0x00402220,function
th10::leaf::Fn00404410,0x00404410,function
th10::leaf::Fn00404C90,0x00404C90,function
th10::leaf::Fn00404CE0,0x00404CE0,function
th10::leaf::Fn00404D30,0x00404D30,function
th10::leaf::Fn00404F20,0x00404F20,function
th10::leaf::Fn00405150,0x00405150,function
th10::leaf::Fn00405160,0x00405160,function
th10::leaf::Fn004051B0,0x004051B0,function
th10::leaf::Fn00405340,0x00405340,function
th10::leaf::Fn00405360,0x00405360,function
th10::leaf::Fn00405390,0x00405390,function
th10::leaf::Fn004053A0,0x004053A0,function
th10::leaf::Fn004053D0,0x004053D0,function
th10::leaf::Fn004053E0,0x004053E0,function
th10::leaf::Fn004053F0,0x004053F0,function
th10::leaf::Fn004054A0,0x004054A0,function
th10::leaf::Fn00405560,0x00405560,function
th10::leaf::Fn00405580,0x00405580,function
th10::leaf::Fn00405590,0x00405590,function
th10::leaf::Fn00405850,0x00405850,function
th10::leaf::Fn00405B90,0x00405B90,function
th10::leaf::Fn00405BB0,0x00405BB0,function
th10::leaf::Fn00405BC0,0x00405BC0,function
th10::leaf::Fn00405CA0,0x00405CA0,function
th10::leaf::Fn00405CB0,0x00405CB0,function
th10::leaf::Fn00408780,0x00408780,function
th10::leaf::Fn00408790,0x00408790,function
th10::leaf::Fn004087C0,0x004087C0,function
th10::leaf::Fn004087D0,0x004087D0,function
th10::leaf::Fn00408800,0x00408800,function
th10::leaf::Fn00408810,0x00408810,function
th10::leaf::Fn00408820,0x00408820,function
th10::leaf::Fn00408830,0x00408830,function
th10::leaf::Fn00408840,0x00408840,function
th10::leaf::Fn00408850,0x00408850,function
th10::leaf::Fn004088B0,0x004088B0,function
th10::leaf::Fn00408AA0,0x00408AA0,function
th10::leaf::Fn00408AB0,0x00408AB0,function
th10::leaf::Fn00409DC0,0x00409DC0,function
th10::leaf::Fn00409DD0,0x00409DD0,function
th10::leaf::Fn00409DE0,0x00409DE0,function
th10::leaf::Fn00409DF0,0x00409DF0,function
th10::leaf::Fn00409E10,0x00409E10,function
th10::leaf::Fn00409E40,0x00409E40,function
th10::leaf::Fn00409EA0,0x00409EA0,function
th10::leaf::Fn00409F30,0x00409F30,function
th10::leaf::Fn00409F40,0x00409F40,function
th10::leaf::Fn00409F70,0x00409F70,function
th10::leaf::Fn00409F80,0x00409F80,function
th10::leaf::Fn0040AC00,0x0040AC00,function
th10::leaf::Fn0040AC10,0x0040AC10,function
th10::leaf::Fn0040AD10,0x0040AD10,function
th10::leaf::Fn0040AD50,0x0040AD50,function
th10::leaf::Fn0040AD80,0x0040AD80,function
th10::leaf::Fn0040AD90,0x0040AD90,function
th10::leaf::Fn0040ADA0,0x0040ADA0,function
th10::leaf::Fn0040ADC0,0x0040ADC0,function
th10::leaf::Fn0040ADD0,0x0040ADD0,function
th10::leaf::Fn0040AE30,0x0040AE30,function
th10::leaf::Fn0040AE40,0x0040AE40,function
th10::leaf::Fn0040B030,0x0040B030,function
th10::leaf::Fn0040B040,0x0040B040,function
th10::leaf::Fn0040B050,0x0040B050,function
th10::leaf::Fn0040B060,0x0040B060,function
th10::leaf::Fn0040B290,0x0040B290,function
th10::leaf::Fn0040B310,0x0040B310,function
th10::leaf::Fn0040B390,0x0040B390,function
th10::leaf::Fn0040B470,0x0040B470,function
th10::leaf::Fn0040B500,0x0040B500,function
th10::leaf::Fn0040B510,0x0040B510,function
th10::leaf::Fn0040B520,0x0040B520,function
th10::leaf::Fn0040BA80,0x0040BA80,function
th10::leaf::LeafIdentity00405400View::Get,0x00405400,function
th10::leaf::LeafIdentity00413240View::Get,0x00413240,function
th10::leaf::LeafIdentity00427E10View::Get,0x00427E10,function
th10::leaf::LeafIdentity00438400View::Get,0x00438400,function
th10::leaf::LeafIdentity0043BF90View::Get,0x0043BF90,function
th10::leaf::LeafIdentity004458D0View::Get,0x004458D0,function
th10::leaf::LeafIdentity004458E0View::Get,0x004458E0,function
th10::leaf::LeafIdentity004458F0View::Get,0x004458F0,function
th10::leaf::LeafIdentity00446210View::Get,0x00446210,function
th10::leaf::LeafValueSetter00405370View::Set,0x00405370,function
th10::leaf::LeafFlag00405E10View::Clear,0x00405E10,function
th10::leaf::LeafValueSetter0040CF00View::Set,0x0040CF00,function
th10::leaf::LeafValueSetter0040CF10View::Set,0x0040CF10,function
th10::leaf::LeafValueSetter0040CF20View::Set,0x0040CF20,function
th10::leaf::LeafValueSetter0040CF80View::Set,0x0040CF80,function
th10::leaf::LeafValueSetter00412F10View::Set,0x00412F10,function
th10::leaf::LeafValueSetter00412F20View::Set,0x00412F20,function
th10::leaf::LeafGetter00438250View::Get,0x00438250,function
th10::leaf::LeafIdentity004383F0View::Get,0x004383F0,function
th10::leaf::LeafIdentity00438410View::Get,0x00438410,function
th10::leaf::Fn004088A0,0x004088A0,function
th10::leaf::Fn0040ACC0,0x0040ACC0,function
th10::leaf::Fn00421CD0,0x00421CD0,function
th10::leaf::Fn00449860,0x00449860,function
th10::leaf::Fn0040ACD0,0x0040ACD0,function
th10::leaf::Fn0040C530,0x0040C530,function
th10::leaf::Fn00424610,0x00424610,function
th10::leaf::Fn0044C760,0x0044C760,function
th10::leaf::Fn00409F60,0x00409F60,function
th10::leaf::Fn00417610,0x00417610,function
th10::leaf::Fn00417620,0x00417620,function
th10::leaf::Fn00401CA0,0x00401CA0,function
th10::leaf::Fn00405380,0x00405380,function
th10::leaf::Fn00405490,0x00405490,function
th10::leaf::Fn00405BA0,0x00405BA0,function
th10::leaf::Fn00412F30,0x00412F30,function
th10::leaf::Fn00412F40,0x00412F40,function
th10::leaf::Fn00412F90,0x00412F90,function
th10::leaf::Fn00412FB0,0x00412FB0,function
th10::leaf::Fn00412FC0,0x00412FC0,function
th10::leaf::Fn00412FD0,0x00412FD0,function
th10::leaf::Fn004130F0,0x004130F0,function
th10::leaf::Fn00413110,0x00413110,function
th10::leaf::Fn00428D60,0x00428D60,function
th10::leaf::Fn00428F20,0x00428F20,function
th10::leaf::Fn0044BFF0,0x0044BFF0,function
th10::leaf::LeafCompare00404E90View::Compare,0x00404E90,function
th10::leaf::Fn00404EC0,0x00404EC0,function
th10::leaf::Fn00404CA0,0x00404CA0,function
th10::leaf::Fn004051C0,0x004051C0,function
th10::leaf::Fn00405570,0x00405570,function
th10::leaf::Fn00408730,0x00408730,function
th10::leaf::Fn004087E0,0x004087E0,function
th10::leaf::Fn00408860,0x00408860,function
th10::leaf::Fn00408880,0x00408880,function
th10::leaf::Fn0040C930,0x0040C930,function
th10::leaf::Fn0040CE30,0x0040CE30,function
th10::leaf::Fn0040CE80,0x0040CE80,function
th10::leaf::Fn0040CF30,0x0040CF30,function
th10::leaf::Fn004137F0,0x004137F0,function
th10::leaf::Fn00413800,0x00413800,function
th10::leaf::Fn0041AC40,0x0041AC40,function
th10::leaf::Fn00427E40,0x00427E40,function
th10::leaf::Fn00428E70,0x00428E70,function
th10::leaf::Fn00428EC0,0x00428EC0,function
th10::leaf::Fn00428EE0,0x00428EE0,function
th10::leaf::Fn00428F00,0x00428F00,function
th10::leaf::Fn0042A9E0,0x0042A9E0,function
th10::leaf::Fn00436560,0x00436560,function
th10::leaf::Fn00436860,0x00436860,function
th10::leaf::Fn004388F0,0x004388F0,function
th10::leaf::Fn00438940,0x00438940,function
th10::leaf::Fn0043E580,0x0043E580,function
th10::leaf::Fn00442010,0x00442010,function
th10::leaf::Fn00442180,0x00442180,function
th10::leaf::Fn004421E0,0x004421E0,function
th10::leaf::Fn00449A30,0x00449A30,function
th10::leaf::Fn0044C640,0x0044C640,function
th10::leaf::Fn0044C660,0x0044C660,function
th10::leaf::Fn0044C6D0,0x0044C6D0,function
EnemyBeginSpell,0x00409280,function
ItemManagerRegisterCallbacks,0x0041AD90,function
ItemManagerUpdateBody,0x0041AFD0,function
ItemManagerView::Draw,0x0041B8E0,function
ItemManagerView::OnUpdate,0x0041BA00,function
ItemPowerDisplayOwnerView::UpdatePowerDisplay,0x004054B0,function
GameScoreStateView::ExtendFaithTimer,0x00412FF0,function
ItemPopupOwnerView::EmitValuePopup,0x0042B9C0,function
GameScoreStateView::AddPower,0x00418930,function
ItemRecordView::ItemRecordView,0x0041ACF0,function
ItemRecordView::~ItemRecordView,0x0041AD60,function
ItemManagerView::~ItemManagerView,0x0041ADF0,function
GameCreateItemManager,0x0041AED0,function
ItemManagerView::ConvertPowerItems,0x0041BA50,function
ItemManagerView::Spawn,0x0041BB00,function
EnemyDropItemCounts,0x0040C9A0,function
EnemyDropItemCountsCore,0x0040C9D0,function
SoundPlayerView::ProcessQueues,0x0043DDF0,function
FileSystem::CheckIfFileAlreadyExists,0x0044B4D0,function
TextRenderBufferApplyAlphaBleed,0x00436DA0,function
TextHelperView::RenderTextToTexture,0x00437DB0,function
TextRenderBufferView::ReleaseBuffer,0x00436A30,function
TextRenderBufferView::TryAllocateBuffer,0x00436AF0,function
TextHelperView::CreateTextBuffer,0x00437A00,function
CStreamingSound::InitSoundBuffers,0x0044CF20,function
