address,name,source_line,ida_known,ida_name,ida_size,census_size,candidate_size,triage_result,canonical_status,canonical_source,canonical_name,promotable_triage,reason
0x00401100,Fn00401100,1603,True,sub_401100,3,3,1,isolated-codegen-size-mismatch,absent,,,False,isolated-codegen-size-mismatch
0x004014D0,Fn004014D0,1048,True,sub_4014D0,26,26,26,isolated-raw-exact,exact,src/AnmManager.cpp,AsciiManagerView::ResetStrings,False,isolated-raw-exact
0x00401C90,Fn00401C90,1609,True,sub_401C90,6,6,6,isolated-raw-exact,exact,src/AnmManager.cpp,AsciiManagerView::GetSize,False,isolated-raw-exact
0x00401CA0,Fn00401CA0,3441,False,,,4,4,isolated-raw-exact,absent,,,False,boundary unavailable in direct IDA
0x00401CB0,Fn00401CB0,1472,True,sub_401CB0,7,7,7,isolated-raw-exact,exact,src/DecomphelpLeafAccessors.cpp,th10::leaf::Fn00401CB0,False,canonical linked replay exact
0x00401CC0,Fn00401CC0,1478,True,sub_401CC0,7,7,7,isolated-raw-exact,exact,src/DecomphelpLeafAccessors.cpp,th10::leaf::Fn00401CC0,False,canonical linked replay exact
0x00401CD0,Fn00401CD0,1210,True,sub_401CD0,7,7,7,isolated-raw-exact,exact,src/DecomphelpLeafAccessors.cpp,th10::leaf::Fn00401CD0,False,canonical linked replay exact
0x00401D10,Fn00401D10,1484,True,sub_401D10,7,7,7,isolated-raw-exact,exact,src/DecomphelpLeafAccessors.cpp,th10::leaf::Fn00401D10,False,canonical linked replay exact
0x00401D90,Fn00401D90,1216,True,sub_401D90,15,15,15,isolated-raw-exact,exact,src/DecomphelpLeafAccessors.cpp,th10::leaf::Fn00401D90,False,canonical linked replay exact
0x00401DB0,Fn00401DB0,1615,True,nullsub_6,1,1,1,isolated-raw-exact,exact,src/DecomphelpLeafAccessors.cpp,th10::leaf::Fn00401DB0,False,canonical linked replay exact
0x00401F00,Fn00401F00,1621,False,,,55,55,isolated-raw-exact,exact,src/AnmManager.cpp,AnmMatrixView::SetIdentity,False,boundary unavailable in direct IDA
0x00401F40,Fn00401F40,1643,True,sub_401F40,15,15,15,isolated-raw-exact,exact,src/AnmManager.cpp,AnmVmTimerView::Initialize,False,isolated-raw-exact
0x00401F60,Fn00401F60,1223,True,sub_401F60,8,8,8,isolated-raw-exact,exact,src/DecomphelpLeafAccessors.cpp,th10::leaf::Fn00401F60,False,canonical linked replay exact
0x00401F70,Fn00401F70,1229,True,sub_401F70,8,8,8,isolated-raw-exact,exact,src/DecomphelpLeafAccessors.cpp,th10::leaf::Fn00401F70,False,canonical linked replay exact
0x00401F80,Fn00401F80,1235,True,sub_401F80,8,8,8,isolated-raw-exact,exact,src/DecomphelpLeafAccessors.cpp,th10::leaf::Fn00401F80,False,canonical linked replay exact
0x00401F90,Fn00401F90,1652,True,sub_401F90,11,11,11,isolated-raw-exact,exact,src/DecomphelpLeafAccessors.cpp,th10::leaf::Fn00401F90,False,canonical linked replay exact
0x00401FA0,Fn00401FA0,1661,True,sub_401FA0,3,3,1,isolated-codegen-size-mismatch,absent,,,False,isolated-codegen-size-mismatch
0x00401FB0,Fn00401FB0,1490,True,sub_401FB0,7,7,7,isolated-raw-exact,exact,src/DecomphelpLeafAccessors.cpp,th10::leaf::Fn00401FB0,False,canonical linked replay exact
0x00401FC0,Fn00401FC0,1667,True,nullsub_7,1,1,1,isolated-raw-exact,exact,src/DecomphelpLeafAccessors.cpp,th10::leaf::Fn00401FC0,False,canonical linked replay exact
0x00402050,Fn00402050,3752,True,sub_402050,88,88,150,isolated-codegen-size-mismatch,exact,src/AnmManager.cpp,AnmVmView::AnmVmView,False,isolated-codegen-size-mismatch
0x004020B0,Fn004020B0,2556,True,sub_4020B0,56,56,56,isolated-raw-exact,exact,src/DecomphelpLeafAccessors.cpp,th10::leaf::Fn004020B0,False,canonical linked replay exact
0x004020F0,Fn004020F0,1673,True,sub_4020F0,5,5,5,isolated-raw-exact,exact,src/DecomphelpLeafAccessors.cpp,th10::leaf::Fn004020F0,False,canonical linked replay exact
0x00402100,Fn00402100,1680,True,sub_402100,5,5,5,isolated-raw-exact,exact,src/DecomphelpLeafAccessors.cpp,th10::leaf::Fn00402100,False,canonical linked replay exact
0x00402110,Fn00402110,1687,True,sub_402110,5,5,5,isolated-raw-exact,exact,src/DecomphelpLeafAccessors.cpp,th10::leaf::Fn00402110,False,canonical linked replay exact
0x00402120,Fn00402120,1694,True,nullsub_8,1,1,1,isolated-raw-exact,exact,src/DecomphelpLeafAccessors.cpp,th10::leaf::Fn00402120,False,canonical linked replay exact
0x00402130,Fn00402130,1700,True,sub_402130,5,5,5,isolated-raw-exact,exact,src/DecomphelpLeafAccessors.cpp,th10::leaf::Fn00402130,False,canonical linked replay exact
0x00402140,Fn00402140,1707,True,nullsub_9,1,1,1,isolated-raw-exact,exact,src/DecomphelpLeafAccessors.cpp,th10::leaf::Fn00402140,False,canonical linked replay exact
0x00402150,Fn00402150,1713,True,nullsub_10,1,1,1,isolated-raw-exact,exact,src/DecomphelpLeafAccessors.cpp,th10::leaf::Fn00402150,False,canonical linked replay exact
0x00402220,Fn00402220,1719,True,sub_402220,8,8,8,isolated-raw-exact,exact,src/DecomphelpLeafAccessors.cpp,th10::leaf::Fn00402220,False,canonical linked replay exact
0x004043D0,Fn004043D0,2978,False,,,59,65,isolated-codegen-size-mismatch,absent,,,False,boundary unavailable in direct IDA
0x00404410,Fn00404410,220,True,sub_404410,11,11,11,isolated-raw-exact,exact,src/DecomphelpLeafAccessors.cpp,th10::leaf::Fn00404410,False,canonical linked replay exact
0x004045B0,Fn004045B0,4523,True,sub_4045B0,92,23,100,isolated-codegen-size-mismatch,unclassified,,,False,isolated-codegen-size-mismatch
0x00404990,Fn00404990,38,True,sub_404990,4,4,8,isolated-codegen-size-mismatch,absent,,,False,isolated-codegen-size-mismatch
0x00404C60,Fn00404C60,3775,False,,,16,41,isolated-codegen-size-mismatch,absent,,,False,boundary unavailable in direct IDA
0x00404C90,Fn00404C90,44,True,sub_404C90,7,7,7,isolated-raw-exact,exact,src/DecomphelpLeafAccessors.cpp,th10::leaf::Fn00404C90,False,canonical linked replay exact
0x00404CA0,Fn00404CA0,4541,False,,,56,56,isolated-raw-exact,absent,,,False,boundary unavailable in direct IDA
0x00404CE0,Fn00404CE0,226,True,sub_404CE0,7,7,7,isolated-raw-exact,exact,src/DecomphelpLeafAccessors.cpp,th10::leaf::Fn00404CE0,False,canonical linked replay exact
0x00404D30,Fn00404D30,50,True,sub_404D30,11,11,11,isolated-raw-exact,exact,src/DecomphelpLeafAccessors.cpp,th10::leaf::Fn00404D30,False,canonical linked replay exact
0x00404EC0,Fn00404EC0,3449,False,,,4,4,isolated-raw-exact,absent,,,False,boundary unavailable in direct IDA
0x00404F20,Fn00404F20,56,True,sub_404F20,8,8,8,isolated-raw-exact,exact,src/DecomphelpLeafAccessors.cpp,th10::leaf::Fn00404F20,False,canonical linked replay exact
0x00405000,Fn00405000,2569,True,sub_405000,20,20,21,isolated-codegen-size-mismatch,absent,,,False,isolated-codegen-size-mismatch
0x00405020,Fn00405020,2577,True,sub_405020,20,20,21,isolated-codegen-size-mismatch,absent,,,False,isolated-codegen-size-mismatch
0x004050D0,Fn004050D0,4558,True,sub_4050D0,50,50,50,isolated-raw-exact,exact,src/DecomphelpLeafAccessors.cpp,th10::leaf::Fn004050D0,False,canonical linked replay exact
0x00405110,Fn00405110,3782,True,sub_405110,20,20,18,isolated-codegen-size-mismatch,absent,,,False,isolated-codegen-size-mismatch
0x00405130,Fn00405130,2586,True,sub_405130,17,17,20,isolated-codegen-size-mismatch,absent,,,False,isolated-codegen-size-mismatch
0x00405150,Fn00405150,62,True,sub_405150,4,4,4,isolated-raw-exact,exact,src/DecomphelpLeafAccessors.cpp,th10::leaf::Fn00405150,False,canonical linked replay exact
0x00405160,Fn00405160,232,True,sub_405160,4,4,4,isolated-raw-exact,exact,src/DecomphelpLeafAccessors.cpp,th10::leaf::Fn00405160,False,canonical linked replay exact
0x004051B0,Fn004051B0,238,True,sub_4051B0,7,7,7,isolated-raw-exact,exact,src/DecomphelpLeafAccessors.cpp,th10::leaf::Fn004051B0,False,canonical linked replay exact
0x004051C0,Fn004051C0,2861,False,,,14,14,isolated-raw-exact,absent,,,False,boundary unavailable in direct IDA
0x004051F0,Fn004051F0,6005,False,,,41,37,isolated-codegen-size-mismatch,absent,,,False,boundary unavailable in direct IDA
0x00405260,Fn00405260,3457,False,,,25,25,isolated-byte-diff,absent,,,False,boundary unavailable in direct IDA
0x00405340,Fn00405340,244,True,sub_405340,17,17,17,isolated-raw-exact,exact,src/DecomphelpLeafAccessors.cpp,th10::leaf::Fn00405340,False,canonical linked replay exact
0x00405360,Fn00405360,251,True,sub_405360,4,4,4,isolated-raw-exact,exact,src/DecomphelpLeafAccessors.cpp,th10::leaf::Fn00405360,False,canonical linked replay exact
0x00405380,Fn00405380,3478,False,,,3,3,isolated-raw-exact,absent,,,False,boundary unavailable in direct IDA
0x00405390,Fn00405390,257,True,sub_405390,4,4,4,isolated-raw-exact,exact,src/DecomphelpLeafAccessors.cpp,th10::leaf::Fn00405390,False,canonical linked replay exact
0x004053A0,Fn004053A0,263,True,sub_4053A0,7,7,7,isolated-raw-exact,exact,src/DecomphelpLeafAccessors.cpp,th10::leaf::Fn004053A0,False,canonical linked replay exact
0x004053D0,Fn004053D0,269,True,sub_4053D0,4,4,4,isolated-raw-exact,exact,src/DecomphelpLeafAccessors.cpp,th10::leaf::Fn004053D0,False,canonical linked replay exact
0x004053E0,Fn004053E0,2161,True,nullsub_11,1,1,1,isolated-raw-exact,exact,src/DecomphelpLeafAccessors.cpp,th10::leaf::Fn004053E0,False,canonical linked replay exact
0x004053F0,Fn004053F0,2167,True,nullsub_12,1,1,1,isolated-raw-exact,exact,src/DecomphelpLeafAccessors.cpp,th10::leaf::Fn004053F0,False,canonical linked replay exact
0x00405400,Fn00405400,1726,True,sub_405400,3,3,1,isolated-codegen-size-mismatch,absent,,,False,isolated-codegen-size-mismatch
0x00405410,Fn00405410,5333,True,sub_405410,57,57,55,isolated-codegen-size-mismatch,exact,src/AnmManager.cpp,AnmVmTimerView::SetCurrent,False,isolated-codegen-size-mismatch
0x00405450,Fn00405450,5350,False,,,57,55,isolated-codegen-size-mismatch,absent,,,False,boundary unavailable in direct IDA
0x00405490,Fn00405490,3486,False,,,4,4,isolated-raw-exact,absent,,,False,boundary unavailable in direct IDA
0x004054A0,Fn004054A0,275,True,sub_4054A0,6,6,6,isolated-raw-exact,exact,src/DecomphelpLeafAccessors.cpp,th10::leaf::Fn004054A0,False,canonical linked replay exact
0x00405560,Fn00405560,281,True,sub_405560,10,10,10,isolated-raw-exact,exact,src/DecomphelpLeafAccessors.cpp,th10::leaf::Fn00405560,False,canonical linked replay exact
0x00405570,Fn00405570,2867,False,,,15,15,isolated-raw-exact,absent,,,False,boundary unavailable in direct IDA
0x00405580,Fn00405580,287,True,sub_405580,7,7,7,isolated-raw-exact,exact,src/DecomphelpLeafAccessors.cpp,th10::leaf::Fn00405580,False,canonical linked replay exact
0x00405590,Fn00405590,293,True,sub_405590,5,5,5,isolated-raw-exact,exact,src/DecomphelpLeafAccessors.cpp,th10::leaf::Fn00405590,False,canonical linked replay exact
0x004055A0,Fn004055A0,3799,False,,,29,70,isolated-codegen-size-mismatch,absent,,,False,boundary unavailable in direct IDA
0x00405850,Fn00405850,299,True,sub_405850,6,6,6,isolated-raw-exact,exact,src/DecomphelpLeafAccessors.cpp,th10::leaf::Fn00405850,False,canonical linked replay exact
0x004059F0,Fn004059F0,4288,True,sub_4059F0,202,10,223,isolated-codegen-size-mismatch,unclassified,,,False,isolated-codegen-size-mismatch
0x00405B60,Fn00405B60,4324,True,sub_405B60,42,26,36,isolated-codegen-size-mismatch,exact,src/ItemManager.cpp,GameScoreStateView::AddRank,False,isolated-codegen-size-mismatch
0x00405B90,Fn00405B90,305,True,sub_405B90,5,5,5,isolated-raw-exact,exact,src/DecomphelpLeafAccessors.cpp,th10::leaf::Fn00405B90,False,canonical linked replay exact
0x00405BA0,Fn00405BA0,3494,False,,,4,4,isolated-raw-exact,absent,,,False,boundary unavailable in direct IDA
0x00405BB0,Fn00405BB0,311,True,sub_405BB0,4,4,4,isolated-raw-exact,exact,src/DecomphelpLeafAccessors.cpp,th10::leaf::Fn00405BB0,False,canonical linked replay exact
0x00405BC0,Fn00405BC0,2174,True,nullsub_13,1,1,1,isolated-raw-exact,exact,src/DecomphelpLeafAccessors.cpp,th10::leaf::Fn00405BC0,False,canonical linked replay exact
0x00405BE0,Fn00405BE0,4575,True,sub_405BE0,158,158,158,isolated-byte-diff,exact,src/BulletManager.cpp,BulletRuntimeView::Deactivate,False,isolated-byte-diff
0x00405C80,Fn00405C80,3809,False,,,28,26,isolated-codegen-size-mismatch,absent,,,False,boundary unavailable in direct IDA
0x00405CA0,Fn00405CA0,317,True,sub_405CA0,7,7,7,isolated-raw-exact,exact,src/DecomphelpLeafAccessors.cpp,th10::leaf::Fn00405CA0,False,canonical linked replay exact
0x00405CB0,Fn00405CB0,3005,True,sub_405CB0,8,8,8,isolated-raw-exact,exact,src/DecomphelpLeafAccessors.cpp,th10::leaf::Fn00405CB0,False,canonical linked replay exact
0x00405D00,Fn00405D00,5471,True,sub_405D00,215,215,308,isolated-codegen-size-mismatch,unclassified,,,False,isolated-codegen-size-mismatch
0x00405E10,Fn00405E10,2395,True,sub_405E10,7,7,5,isolated-codegen-size-mismatch,absent,,,False,isolated-codegen-size-mismatch
0x00406160,Fn00406160,5392,True,sub_406160,109,99,268,isolated-codegen-size-mismatch,exact,src/BulletManager.cpp,BulletPositionView::IsOutsidePlayfield,False,isolated-codegen-size-mismatch
0x004061D0,Fn004061D0,5406,True,sub_4061D0,109,99,268,isolated-codegen-size-mismatch,exact,src/BulletManager.cpp,BulletWrapPositionView::IsOutsidePlayfield,False,isolated-codegen-size-mismatch
0x00408660,Fn00408660,6021,True,sub_408660,80,40,84,isolated-codegen-size-mismatch,exact,src/BulletManager.cpp,BulletAngleDifference,False,isolated-codegen-size-mismatch
0x004086B0,Fn004086B0,4917,True,sub_4086B0,91,83,234,isolated-codegen-size-mismatch,exact,src/EnemyEclDispatcher.cpp,EnemyBulletPositionView::IsOutsidePlayfield,False,isolated-codegen-size-mismatch
0x00408730,Fn00408730,3502,False,,,25,25,isolated-raw-exact,absent,,,False,boundary unavailable in direct IDA
0x00408780,Fn00408780,323,True,sub_408780,10,10,10,isolated-raw-exact,exact,src/DecomphelpLeafAccessors.cpp,th10::leaf::Fn00408780,False,canonical linked replay exact
0x00408790,Fn00408790,68,True,sub_408790,14,14,14,isolated-raw-exact,exact,src/DecomphelpLeafAccessors.cpp,th10::leaf::Fn00408790,False,canonical linked replay exact
0x004087C0,Fn004087C0,77,True,sub_4087C0,9,9,9,isolated-raw-exact,exact,src/DecomphelpLeafAccessors.cpp,th10::leaf::Fn004087C0,False,canonical linked replay exact
0x004087D0,Fn004087D0,83,True,sub_4087D0,8,8,8,isolated-raw-exact,exact,src/DecomphelpLeafAccessors.cpp,th10::leaf::Fn004087D0,False,canonical linked replay exact
0x004087E0,Fn004087E0,3523,False,,,25,25,isolated-raw-exact,absent,,,False,boundary unavailable in direct IDA
0x00408800,Fn00408800,125,True,nullsub_14,1,1,1,isolated-raw-exact,exact,src/DecomphelpLeafAccessors.cpp,th10::leaf::Fn00408800,False,canonical linked replay exact
0x00408810,Fn00408810,2180,True,nullsub_15,1,1,1,isolated-raw-exact,exact,src/DecomphelpLeafAccessors.cpp,th10::leaf::Fn00408810,False,canonical linked replay exact
0x00408820,Fn00408820,89,True,sub_408820,6,6,6,isolated-raw-exact,exact,src/DecomphelpLeafAccessors.cpp,th10::leaf::Fn00408820,False,canonical linked replay exact
0x00408830,Fn00408830,95,True,sub_408830,5,5,5,isolated-raw-exact,exact,src/DecomphelpLeafAccessors.cpp,th10::leaf::Fn00408830,False,canonical linked replay exact
0x00408840,Fn00408840,101,True,sub_408840,8,8,8,isolated-raw-exact,exact,src/DecomphelpLeafAccessors.cpp,th10::leaf::Fn00408840,False,canonical linked replay exact
0x00408850,Fn00408850,107,True,sub_408850,8,8,8,isolated-raw-exact,exact,src/DecomphelpLeafAccessors.cpp,th10::leaf::Fn00408850,False,canonical linked replay exact
0x00408860,Fn00408860,2491,False,,,21,21,isolated-raw-exact,absent,,,False,boundary unavailable in direct IDA
0x00408880,Fn00408880,2498,False,,,21,21,isolated-raw-exact,absent,,,False,boundary unavailable in direct IDA
0x004088A0,Fn004088A0,113,False,,,11,11,isolated-raw-exact,absent,,,False,boundary unavailable in direct IDA
0x004088B0,Fn004088B0,329,True,sub_4088B0,7,7,7,isolated-raw-exact,exact,src/DecomphelpLeafAccessors.cpp,th10::leaf::Fn004088B0,False,canonical linked replay exact
0x004088C0,Fn004088C0,5119,True,sub_4088C0,75,75,69,isolated-codegen-size-mismatch,unclassified,,,False,isolated-codegen-size-mismatch
0x00408AA0,Fn00408AA0,119,True,sub_408AA0,3,3,3,isolated-raw-exact,exact,src/DecomphelpLeafAccessors.cpp,th10::leaf::Fn00408AA0,False,canonical linked replay exact
0x00408AB0,Fn00408AB0,335,True,sub_408AB0,3,3,3,isolated-raw-exact,exact,src/DecomphelpLeafAccessors.cpp,th10::leaf::Fn00408AB0,False,canonical linked replay exact
0x00409DC0,Fn00409DC0,1241,True,sub_409DC0,4,4,4,isolated-raw-exact,exact,src/DecomphelpLeafAccessors.cpp,th10::leaf::Fn00409DC0,False,canonical linked replay exact
0x00409DD0,Fn00409DD0,1247,True,sub_409DD0,4,4,4,isolated-raw-exact,exact,src/DecomphelpLeafAccessors.cpp,th10::leaf::Fn00409DD0,False,canonical linked replay exact
0x00409DE0,Fn00409DE0,1253,True,sub_409DE0,7,7,7,isolated-raw-exact,exact,src/DecomphelpLeafAccessors.cpp,th10::leaf::Fn00409DE0,False,canonical linked replay exact
0x00409DF0,Fn00409DF0,1259,True,sub_409DF0,7,7,7,isolated-raw-exact,exact,src/DecomphelpLeafAccessors.cpp,th10::leaf::Fn00409DF0,False,canonical linked replay exact
0x00409E00,Fn00409E00,3013,False,,,12,17,isolated-codegen-size-mismatch,absent,,,False,boundary unavailable in direct IDA
0x00409E10,Fn00409E10,2594,True,sub_409E10,12,12,12,isolated-raw-exact,exact,src/DecomphelpLeafAccessors.cpp,th10::leaf::Fn00409E10,False,canonical linked replay exact
0x00409E40,Fn00409E40,1733,True,nullsub_16,1,1,1,isolated-raw-exact,exact,src/DecomphelpLeafAccessors.cpp,th10::leaf::Fn00409E40,False,canonical linked replay exact
0x00409EA0,Fn00409EA0,1739,True,nullsub_17,1,1,1,isolated-raw-exact,exact,src/DecomphelpLeafAccessors.cpp,th10::leaf::Fn00409EA0,False,canonical linked replay exact
0x00409F10,Fn00409F10,3819,False,,,17,17,isolated-byte-diff,absent,,,False,boundary unavailable in direct IDA
0x00409F30,Fn00409F30,1265,True,sub_409F30,4,4,4,isolated-raw-exact,exact,src/DecomphelpLeafAccessors.cpp,th10::leaf::Fn00409F30,False,canonical linked replay exact
0x00409F40,Fn00409F40,3021,True,sub_409F40,10,10,10,isolated-raw-exact,exact,src/DecomphelpLeafAccessors.cpp,th10::leaf::Fn00409F40,False,canonical linked replay exact
0x00409F50,Fn00409F50,3826,False,,,16,52,isolated-codegen-size-mismatch,absent,,,False,boundary unavailable in direct IDA
0x00409F60,Fn00409F60,1271,True,sub_409F60,4,,4,target-size-missing,absent,,,False,target-size-missing
0x00409F70,Fn00409F70,1277,True,sub_409F70,7,7,7,isolated-raw-exact,exact,src/DecomphelpLeafAccessors.cpp,th10::leaf::Fn00409F70,False,canonical linked replay exact
0x00409F80,Fn00409F80,1283,True,sub_409F80,4,4,4,isolated-raw-exact,exact,src/DecomphelpLeafAccessors.cpp,th10::leaf::Fn00409F80,False,canonical linked replay exact
0x0040A040,Fn0040A040,5506,True,sub_40A040,234,234,293,isolated-codegen-size-mismatch,absent,,,False,isolated-codegen-size-mismatch
0x0040AC00,Fn0040AC00,341,True,sub_40AC00,3,3,3,isolated-raw-exact,exact,src/DecomphelpLeafAccessors.cpp,th10::leaf::Fn0040AC00,False,canonical linked replay exact
0x0040AC10,Fn0040AC10,347,True,sub_40AC10,7,7,7,isolated-raw-exact,exact,src/DecomphelpLeafAccessors.cpp,th10::leaf::Fn0040AC10,False,canonical linked replay exact
0x0040ACC0,Fn0040ACC0,130,False,,,7,7,isolated-raw-exact,absent,,,False,boundary unavailable in direct IDA
0x0040ACD0,Fn0040ACD0,353,False,,,7,7,isolated-raw-exact,absent,,,False,boundary unavailable in direct IDA
0x0040AD10,Fn0040AD10,136,True,sub_40AD10,6,6,6,isolated-raw-exact,exact,src/DecomphelpLeafAccessors.cpp,th10::leaf::Fn0040AD10,False,canonical linked replay exact
0x0040AD20,Fn0040AD20,6115,True,sub_40AD20,33,15,30,isolated-codegen-size-mismatch,exact,src/FrontEnd.cpp,FrontEndCursorSetCurrent,False,isolated-codegen-size-mismatch
0x0040AD50,Fn0040AD50,359,True,sub_40AD50,7,7,7,isolated-raw-exact,exact,src/DecomphelpLeafAccessors.cpp,th10::leaf::Fn0040AD50,False,canonical linked replay exact
0x0040AD80,Fn0040AD80,365,True,sub_40AD80,4,4,4,isolated-raw-exact,exact,src/DecomphelpLeafAccessors.cpp,th10::leaf::Fn0040AD80,False,canonical linked replay exact
0x0040AD90,Fn0040AD90,371,True,sub_40AD90,3,3,3,isolated-raw-exact,exact,src/DecomphelpLeafAccessors.cpp,th10::leaf::Fn0040AD90,False,canonical linked replay exact
0x0040ADA0,Fn0040ADA0,3031,True,sub_40ADA0,25,25,25,isolated-raw-exact,exact,src/DecomphelpLeafAccessors.cpp,th10::leaf::Fn0040ADA0,False,canonical linked replay exact
0x0040ADC0,Fn0040ADC0,2189,True,nullsub_18,1,1,1,isolated-raw-exact,exact,src/DecomphelpLeafAccessors.cpp,th10::leaf::Fn0040ADC0,False,canonical linked replay exact
0x0040ADD0,Fn0040ADD0,1064,True,sub_40ADD0,34,34,34,isolated-raw-exact,exact,src/DecomphelpLeafAccessors.cpp,th10::leaf::Fn0040ADD0,False,canonical linked replay exact
0x0040AE30,Fn0040AE30,377,True,sub_40AE30,3,3,3,isolated-raw-exact,exact,src/DecomphelpLeafAccessors.cpp,th10::leaf::Fn0040AE30,False,canonical linked replay exact
0x0040AE40,Fn0040AE40,383,True,sub_40AE40,4,4,4,isolated-raw-exact,exact,src/DecomphelpLeafAccessors.cpp,th10::leaf::Fn0040AE40,False,canonical linked replay exact
0x0040AE50,Fn0040AE50,3040,True,sub_40AE50,30,30,29,isolated-codegen-size-mismatch,absent,,,False,isolated-codegen-size-mismatch
0x0040B030,Fn0040B030,142,True,sub_40B030,6,6,6,isolated-raw-exact,exact,src/DecomphelpLeafAccessors.cpp,th10::leaf::Fn0040B030,False,canonical linked replay exact
0x0040B040,Fn0040B040,389,True,sub_40B040,6,6,6,isolated-raw-exact,exact,src/DecomphelpLeafAccessors.cpp,th10::leaf::Fn0040B040,False,canonical linked replay exact
0x0040B050,Fn0040B050,395,True,sub_40B050,6,6,6,isolated-raw-exact,exact,src/DecomphelpLeafAccessors.cpp,th10::leaf::Fn0040B050,False,canonical linked replay exact
0x0040B060,Fn0040B060,401,True,sub_40B060,6,6,6,isolated-raw-exact,exact,src/DecomphelpLeafAccessors.cpp,th10::leaf::Fn0040B060,False,canonical linked replay exact
0x0040B290,Fn0040B290,2195,True,nullsub_19,1,1,1,isolated-raw-exact,exact,src/DecomphelpLeafAccessors.cpp,th10::leaf::Fn0040B290,False,canonical linked replay exact
0x0040B310,Fn0040B310,407,True,sub_40B310,3,3,3,isolated-raw-exact,exact,src/DecomphelpLeafAccessors.cpp,th10::leaf::Fn0040B310,False,canonical linked replay exact
0x0040B370,Fn0040B370,2599,True,sub_40B370,23,23,30,isolated-codegen-size-mismatch,absent,,,False,isolated-codegen-size-mismatch
0x0040B390,Fn0040B390,2201,True,nullsub_20,1,1,1,isolated-raw-exact,exact,src/DecomphelpLeafAccessors.cpp,th10::leaf::Fn0040B390,False,canonical linked replay exact
0x0040B470,Fn0040B470,413,True,sub_40B470,10,10,10,isolated-raw-exact,exact,src/DecomphelpLeafAccessors.cpp,th10::leaf::Fn0040B470,False,canonical linked replay exact
0x0040B500,Fn0040B500,148,True,sub_40B500,7,7,7,isolated-raw-exact,exact,src/DecomphelpLeafAccessors.cpp,th10::leaf::Fn0040B500,False,canonical linked replay exact
0x0040B510,Fn0040B510,419,True,sub_40B510,9,9,9,isolated-raw-exact,exact,src/DecomphelpLeafAccessors.cpp,th10::leaf::Fn0040B510,False,canonical linked replay exact
0x0040B520,Fn0040B520,425,True,sub_40B520,6,6,6,isolated-raw-exact,exact,src/DecomphelpLeafAccessors.cpp,th10::leaf::Fn0040B520,False,canonical linked replay exact
0x0040B530,Fn0040B530,3054,True,sub_40B530,42,42,41,isolated-codegen-size-mismatch,absent,,,False,isolated-codegen-size-mismatch
0x0040BA80,Fn0040BA80,4077,True,sub_40BA80,6,6,6,isolated-raw-exact,exact,src/DecomphelpLeafAccessors.cpp,th10::leaf::Fn0040BA80,False,canonical linked replay exact
0x0040C460,Fn0040C460,431,True,sub_40C460,3,3,3,isolated-raw-exact,exact,src/DecomphelpLeafAccessors.cpp,th10::leaf::Fn0040C460,False,canonical linked replay exact
0x0040C520,Fn0040C520,437,True,sub_40C520,4,4,4,isolated-raw-exact,exact,src/DecomphelpLeafAccessors.cpp,th10::leaf::Fn0040C520,False,canonical linked replay exact
0x0040C530,Fn0040C530,443,False,,,6,6,isolated-raw-exact,absent,,,False,boundary unavailable in direct IDA
0x0040C5B0,Fn0040C5B0,449,True,sub_40C5B0,4,4,4,isolated-raw-exact,exact,src/DecomphelpLeafAccessors.cpp,th10::leaf::Fn0040C5B0,False,canonical linked replay exact
0x0040C5C0,Fn0040C5C0,455,True,sub_40C5C0,4,4,4,isolated-raw-exact,exact,src/DecomphelpLeafAccessors.cpp,th10::leaf::Fn0040C5C0,False,canonical linked replay exact
0x0040C5D0,Fn0040C5D0,154,True,sub_40C5D0,15,15,15,isolated-raw-exact,exact,src/DecomphelpLeafAccessors.cpp,th10::leaf::Fn0040C5D0,False,canonical linked replay exact
0x0040C5E0,Fn0040C5E0,461,True,sub_40C5E0,3,3,3,isolated-raw-exact,exact,src/Enemy.cpp,EnemyEclHostBaseView::DispatchEclInstruction,False,isolated-raw-exact
0x0040C6B0,Fn0040C6B0,5262,True,sub_40C6B0,9,9,24,isolated-codegen-size-mismatch,exact,src/Enemy.cpp,EnemyEclHostBaseView::ReadFloatOperand,False,isolated-codegen-size-mismatch
0x0040C710,Fn0040C710,1745,True,sub_40C710,21,21,21,isolated-raw-exact,exact,src/Enemy.cpp,EnemyEclHostBaseView::EnemyEclHostBaseView,False,isolated-raw-exact
0x0040C730,Fn0040C730,3072,True,sub_40C730,71,71,69,isolated-codegen-size-mismatch,exact,src/Enemy.cpp,EnemyEclHostBaseView::ResetEclState,False,isolated-codegen-size-mismatch
0x0040C800,Fn0040C800,1289,True,sub_40C800,15,15,15,isolated-raw-exact,exact,src/Enemy.cpp,EnemyEclContextView::EnemyEclContextView,False,isolated-raw-exact
0x0040C820,Fn0040C820,467,True,sub_40C820,5,5,5,isolated-raw-exact,exact,src/Enemy.cpp,EnemyEclResourceBaseView::GetScriptData,False,isolated-raw-exact
0x0040C830,Fn0040C830,3833,False,,,34,34,isolated-byte-diff,exact,src/Enemy.cpp,EnemyEclResourceBaseView::EnemyEclResourceBaseView,False,boundary unavailable in direct IDA
0x0040C890,Fn0040C890,473,True,sub_40C890,3,3,3,isolated-raw-exact,exact,src/DecomphelpLeafAccessors.cpp,th10::leaf::Fn0040C890,False,canonical linked replay exact
0x0040C8A0,Fn0040C8A0,479,True,sub_40C8A0,3,3,3,isolated-raw-exact,exact,src/DecomphelpLeafAccessors.cpp,th10::leaf::Fn0040C8A0,False,canonical linked replay exact
0x0040C8B0,Fn0040C8B0,485,True,sub_40C8B0,3,3,3,isolated-raw-exact,exact,src/DecomphelpLeafAccessors.cpp,th10::leaf::Fn0040C8B0,False,canonical linked replay exact
0x0040C8C0,Fn0040C8C0,491,True,sub_40C8C0,3,3,3,isolated-raw-exact,exact,src/DecomphelpLeafAccessors.cpp,th10::leaf::Fn0040C8C0,False,canonical linked replay exact
0x0040C8D0,Fn0040C8D0,497,True,sub_40C8D0,4,4,4,isolated-raw-exact,exact,src/DecomphelpLeafAccessors.cpp,th10::leaf::Fn0040C8D0,False,canonical linked replay exact
0x0040C8E0,Fn0040C8E0,503,True,sub_40C8E0,4,4,4,isolated-raw-exact,exact,src/DecomphelpLeafAccessors.cpp,th10::leaf::Fn0040C8E0,False,canonical linked replay exact
0x0040C8F0,Fn0040C8F0,509,True,sub_40C8F0,4,4,4,isolated-raw-exact,exact,src/DecomphelpLeafAccessors.cpp,th10::leaf::Fn0040C8F0,False,canonical linked replay exact
0x0040C900,Fn0040C900,515,True,sub_40C900,4,4,4,isolated-raw-exact,exact,src/DecomphelpLeafAccessors.cpp,th10::leaf::Fn0040C900,False,canonical linked replay exact
0x0040C910,Fn0040C910,1082,True,sub_40C910,3,3,3,isolated-raw-exact,exact,src/DecomphelpLeafAccessors.cpp,th10::leaf::Fn0040C910,False,canonical linked replay exact
0x0040C920,Fn0040C920,2873,True,sub_40C920,9,9,7,isolated-codegen-size-mismatch,absent,,,False,isolated-codegen-size-mismatch
0x0040C930,Fn0040C930,2881,False,,,10,10,isolated-raw-exact,absent,,,False,boundary unavailable in direct IDA
0x0040C940,Fn0040C940,161,True,sub_40C940,11,11,11,isolated-raw-exact,exact,src/DecomphelpLeafAccessors.cpp,th10::leaf::Fn0040C940,False,canonical linked replay exact
0x0040C950,Fn0040C950,2607,True,sub_40C950,4,4,4,isolated-raw-exact,exact,src/DecomphelpLeafAccessors.cpp,th10::leaf::Fn0040C950,False,canonical linked replay exact
0x0040C980,Fn0040C980,521,True,sub_40C980,3,3,3,isolated-raw-exact,exact,src/DecomphelpLeafAccessors.cpp,th10::leaf::Fn0040C980,False,canonical linked replay exact
0x0040C990,Fn0040C990,527,True,sub_40C990,3,3,3,isolated-raw-exact,exact,src/DecomphelpLeafAccessors.cpp,th10::leaf::Fn0040C990,False,canonical linked replay exact
0x0040CBD0,Fn0040CBD0,3843,False,,,25,60,isolated-codegen-size-mismatch,absent,,,False,boundary unavailable in direct IDA
0x0040CBF0,Fn0040CBF0,3852,False,,,17,3,isolated-codegen-size-mismatch,absent,,,False,boundary unavailable in direct IDA
0x0040CC10,Fn0040CC10,533,True,sub_40CC10,4,4,4,isolated-raw-exact,exact,src/Enemy.cpp,th10::leaf::Fn0040CC10,False,isolated-raw-exact
0x0040CC20,Fn0040CC20,539,True,sub_40CC20,6,6,6,isolated-raw-exact,exact,src/Enemy.cpp,th10::leaf::Fn0040CC20,False,isolated-raw-exact
0x0040CC30,Fn0040CC30,545,True,sub_40CC30,6,6,6,isolated-raw-exact,exact,src/Enemy.cpp,th10::leaf::Fn0040CC30,False,isolated-raw-exact
0x0040CC40,Fn0040CC40,169,True,sub_40CC40,7,7,7,isolated-raw-exact,exact,src/DecomphelpLeafAccessors.cpp,th10::leaf::Fn0040CC40,False,canonical linked replay exact
0x0040CC70,Fn0040CC70,4340,True,sub_40CC70,145,145,183,isolated-codegen-size-mismatch,exact,src/Enemy.cpp,EnemyRuntimeView::EnemyRuntimeView,False,isolated-codegen-size-mismatch
0x0040CD10,Fn0040CD10,551,True,sub_40CD10,5,5,5,isolated-raw-exact,exact,src/DecomphelpLeafAccessors.cpp,th10::leaf::Fn0040CD10,False,canonical linked replay exact
0x0040CD90,Fn0040CD90,2613,True,sub_40CD90,5,5,5,isolated-raw-exact,exact,src/DecomphelpLeafAccessors.cpp,th10::leaf::Fn0040CD90,False,canonical linked replay exact
0x0040CDA0,Fn0040CDA0,557,True,sub_40CDA0,7,7,7,isolated-raw-exact,exact,src/DecomphelpLeafAccessors.cpp,th10::leaf::Fn0040CDA0,False,canonical linked replay exact
0x0040CDB0,Fn0040CDB0,563,True,sub_40CDB0,7,7,7,isolated-raw-exact,exact,src/DecomphelpLeafAccessors.cpp,th10::leaf::Fn0040CDB0,False,canonical linked replay exact
0x0040CDE0,Fn0040CDE0,569,True,sub_40CDE0,8,8,8,isolated-raw-exact,exact,src/DecomphelpLeafAccessors.cpp,th10::leaf::Fn0040CDE0,False,canonical linked replay exact
0x0040CDF0,Fn0040CDF0,575,True,sub_40CDF0,4,4,4,isolated-raw-exact,exact,src/DecomphelpLeafAccessors.cpp,th10::leaf::Fn0040CDF0,False,canonical linked replay exact
0x0040CE00,Fn0040CE00,581,True,sub_40CE00,7,7,7,isolated-raw-exact,exact,src/DecomphelpLeafAccessors.cpp,th10::leaf::Fn0040CE00,False,canonical linked replay exact
0x0040CE30,Fn0040CE30,2887,False,,,14,14,isolated-raw-exact,absent,,,False,boundary unavailable in direct IDA
0x0040CE40,Fn0040CE40,175,True,sub_40CE40,10,10,10,isolated-raw-exact,exact,src/DecomphelpLeafAccessors.cpp,th10::leaf::Fn0040CE40,False,canonical linked replay exact
0x0040CE50,Fn0040CE50,2505,False,,,17,17,isolated-byte-diff,absent,,,False,boundary unavailable in direct IDA
0x0040CE70,Fn0040CE70,587,True,sub_40CE70,6,6,6,isolated-raw-exact,exact,src/DecomphelpLeafAccessors.cpp,th10::leaf::Fn0040CE70,False,canonical linked replay exact
0x0040CE80,Fn0040CE80,2893,False,,,11,11,isolated-raw-exact,absent,,,False,boundary unavailable in direct IDA
0x0040CE90,Fn0040CE90,593,True,sub_40CE90,8,8,8,isolated-raw-exact,exact,src/DecomphelpLeafAccessors.cpp,th10::leaf::Fn0040CE90,False,canonical linked replay exact
0x0040CED0,Fn0040CED0,599,True,sub_40CED0,13,13,13,isolated-raw-exact,exact,src/DecomphelpLeafAccessors.cpp,th10::leaf::Fn0040CED0,False,canonical linked replay exact
0x0040CEE0,Fn0040CEE0,2619,True,sub_40CEE0,20,20,21,isolated-codegen-size-mismatch,absent,,,False,isolated-codegen-size-mismatch
0x0040CF30,Fn0040CF30,3859,False,,,16,16,isolated-raw-exact,absent,,,False,boundary unavailable in direct IDA
0x0040CF40,Fn0040CF40,3866,True,sub_40CF40,23,23,23,isolated-raw-exact,exact,src/DecomphelpLeafAccessors.cpp,th10::leaf::Fn0040CF40,False,canonical linked replay exact
0x0040CF60,Fn0040CF60,2627,True,sub_40CF60,23,23,30,isolated-codegen-size-mismatch,exact,src/EnemyEclDispatcher.cpp,EnemySetLaserPosition,False,isolated-codegen-size-mismatch
0x0040CF90,Fn0040CF90,2530,True,sub_40CF90,22,22,22,isolated-raw-exact,exact,src/EnemyEclDispatcher.cpp,EnemyFindLaser,False,isolated-raw-exact
0x0040D260,Fn0040D260,3874,False,,,29,94,isolated-codegen-size-mismatch,exact,src/Enemy.cpp,EnemyManagerView::EnemyManagerView,False,boundary unavailable in direct IDA
0x0040D3D0,Fn0040D3D0,3884,False,,,34,34,isolated-raw-exact,exact,src/Enemy.cpp,EnemyEclResourceView::EnemyEclResourceView,False,boundary unavailable in direct IDA
0x0040D4F0,Fn0040D4F0,1296,True,sub_40D4F0,3,3,3,isolated-raw-exact,exact,src/DecomphelpLeafAccessors.cpp,th10::leaf::Fn0040D4F0,False,canonical linked replay exact
0x0040D500,Fn0040D500,1302,True,sub_40D500,3,3,3,isolated-raw-exact,exact,src/DecomphelpLeafAccessors.cpp,th10::leaf::Fn0040D500,False,canonical linked replay exact
0x0040D800,Fn0040D800,1754,True,sub_40D800,6,6,6,isolated-raw-exact,exact,src/DecomphelpLeafAccessors.cpp,th10::leaf::Fn0040D800,False,canonical linked replay exact
0x0040D820,Fn0040D820,1760,True,sub_40D820,6,6,6,isolated-raw-exact,exact,src/Enemy.cpp,EnemyManagerDrawCallback,False,isolated-raw-exact
0x00412300,Fn00412300,4192,False,,,21,64,isolated-codegen-size-mismatch,exact,src/Enemy.cpp,EnemyFullObjectView::ResolveIntOperand,False,boundary unavailable in direct IDA
0x004126D0,Fn004126D0,4209,False,,,21,64,isolated-codegen-size-mismatch,exact,src/Enemy.cpp,EnemyFullObjectView::ResolveFloatOperand,False,boundary unavailable in direct IDA
0x00412790,Fn00412790,2899,True,sub_412790,12,12,12,isolated-raw-exact,exact,src/DecomphelpLeafAccessors.cpp,th10::leaf::Fn00412790,False,canonical linked replay exact
0x004127A0,Fn004127A0,6135,True,sub_4127A0,593,67,615,isolated-codegen-size-mismatch,unclassified,src/EnemyCallback.cpp,EnemyResolveRuntimeCallback,False,isolated-codegen-size-mismatch
0x00412D50,Fn00412D50,1496,True,sub_412D50,4,4,4,isolated-raw-exact,exact,src/DecomphelpLeafAccessors.cpp,th10::leaf::Fn00412D50,False,canonical linked replay exact
0x00412D60,Fn00412D60,2635,True,sub_412D60,11,11,14,isolated-codegen-size-mismatch,absent,,,False,isolated-codegen-size-mismatch
0x00412D70,Fn00412D70,2642,True,sub_412D70,12,12,15,isolated-codegen-size-mismatch,absent,,,False,isolated-codegen-size-mismatch
0x00412D80,Fn00412D80,2649,True,sub_412D80,12,12,15,isolated-codegen-size-mismatch,absent,,,False,isolated-codegen-size-mismatch
0x00412D90,Fn00412D90,2656,True,sub_412D90,12,12,15,isolated-codegen-size-mismatch,absent,,,False,isolated-codegen-size-mismatch
0x00412DA0,Fn00412DA0,605,True,sub_412DA0,4,4,4,isolated-raw-exact,exact,src/DecomphelpLeafAccessors.cpp,th10::leaf::Fn00412DA0,False,canonical linked replay exact
0x00412DB0,Fn00412DB0,4603,True,sub_412DB0,50,50,50,isolated-raw-exact,exact,src/DecomphelpLeafAccessors.cpp,th10::leaf::Fn00412DB0,False,canonical linked replay exact
0x00412DF0,Fn00412DF0,611,True,sub_412DF0,4,4,4,isolated-raw-exact,exact,src/DecomphelpLeafAccessors.cpp,th10::leaf::Fn00412DF0,False,canonical linked replay exact
0x00412E00,Fn00412E00,617,True,sub_412E00,8,8,8,isolated-raw-exact,exact,src/DecomphelpLeafAccessors.cpp,th10::leaf::Fn00412E00,False,canonical linked replay exact
0x00412E30,Fn00412E30,3544,False,,,16,16,isolated-byte-diff,absent,,,False,boundary unavailable in direct IDA
0x00412E60,Fn00412E60,3560,False,,,16,16,isolated-byte-diff,absent,,,False,boundary unavailable in direct IDA
0x00412ED0,Fn00412ED0,2513,True,sub_412ED0,16,16,18,isolated-codegen-size-mismatch,exact,src/EnemyEclDispatcher.cpp,EnemySetChapter,False,isolated-codegen-size-mismatch
0x00412F30,Fn00412F30,3576,False,,,4,4,isolated-raw-exact,absent,,,False,boundary unavailable in direct IDA
0x00412F40,Fn00412F40,3584,False,,,4,4,isolated-raw-exact,absent,,,False,boundary unavailable in direct IDA
0x00412F50,Fn00412F50,623,True,sub_412F50,5,5,5,isolated-raw-exact,exact,src/DecomphelpLeafAccessors.cpp,th10::leaf::Fn00412F50,False,canonical linked replay exact
0x00412F60,Fn00412F60,629,True,sub_412F60,7,7,7,isolated-raw-exact,exact,src/DecomphelpLeafAccessors.cpp,th10::leaf::Fn00412F60,False,canonical linked replay exact
0x00412F90,Fn00412F90,3592,False,,,4,4,isolated-raw-exact,absent,,,False,boundary unavailable in direct IDA
0x00412FA0,Fn00412FA0,635,True,sub_412FA0,5,5,5,isolated-raw-exact,exact,src/DecomphelpLeafAccessors.cpp,th10::leaf::Fn00412FA0,False,canonical linked replay exact
0x00412FB0,Fn00412FB0,3600,False,,,7,7,isolated-raw-exact,absent,,,False,boundary unavailable in direct IDA
0x00412FC0,Fn00412FC0,3610,False,,,7,7,isolated-raw-exact,absent,,,False,boundary unavailable in direct IDA
0x00412FD0,Fn00412FD0,3620,False,,,4,4,isolated-raw-exact,absent,,,False,boundary unavailable in direct IDA
0x00412FE0,Fn00412FE0,2207,True,nullsub_22,1,1,1,isolated-raw-exact,exact,src/DecomphelpLeafAccessors.cpp,th10::leaf::Fn00412FE0,False,canonical linked replay exact
0x004130A0,Fn004130A0,1502,True,sub_4130A0,7,7,7,isolated-raw-exact,exact,src/DecomphelpLeafAccessors.cpp,th10::leaf::Fn004130A0,False,canonical linked replay exact
0x004130C0,Fn004130C0,1308,True,sub_4130C0,4,4,4,isolated-raw-exact,exact,src/DecomphelpLeafAccessors.cpp,th10::leaf::Fn004130C0,False,canonical linked replay exact
0x004130D0,Fn004130D0,1508,True,sub_4130D0,4,4,4,isolated-raw-exact,exact,src/DecomphelpLeafAccessors.cpp,th10::leaf::Fn004130D0,False,canonical linked replay exact
0x004130F0,Fn004130F0,3628,False,,,4,4,isolated-raw-exact,absent,,,False,boundary unavailable in direct IDA
0x00413110,Fn00413110,3636,False,,,3,3,isolated-raw-exact,absent,,,False,boundary unavailable in direct IDA
0x00413120,Fn00413120,3894,True,sub_413120,20,20,18,isolated-codegen-size-mismatch,absent,,,False,isolated-codegen-size-mismatch
0x00413190,Fn00413190,3911,False,,,14,3,isolated-codegen-size-mismatch,absent,,,False,boundary unavailable in direct IDA
0x004131A0,Fn004131A0,2385,True,sub_4131A0,10,10,10,isolated-raw-exact,exact,src/DecomphelpLeafAccessors.cpp,th10::leaf::Fn004131A0,False,canonical linked replay exact
0x004131B0,Fn004131B0,1767,True,nullsub_23,1,1,1,isolated-raw-exact,exact,src/DecomphelpLeafAccessors.cpp,th10::leaf::Fn004131B0,False,canonical linked replay exact
0x004131F0,Fn004131F0,1314,True,sub_4131F0,4,4,4,isolated-raw-exact,exact,src/DecomphelpLeafAccessors.cpp,th10::leaf::Fn004131F0,False,canonical linked replay exact
0x00413220,Fn00413220,2664,True,sub_413220,17,17,20,isolated-codegen-size-mismatch,absent,,,False,isolated-codegen-size-mismatch
0x00413240,Fn00413240,1773,True,sub_413240,3,3,1,isolated-codegen-size-mismatch,absent,,,False,isolated-codegen-size-mismatch
0x004132A0,Fn004132A0,3918,False,,,25,126,isolated-codegen-size-mismatch,absent,,,False,boundary unavailable in direct IDA
0x004136A0,Fn004136A0,1320,True,sub_4136A0,7,7,7,isolated-raw-exact,exact,src/DecomphelpLeafAccessors.cpp,th10::leaf::Fn004136A0,False,canonical linked replay exact
0x004136B0,Fn004136B0,1779,True,nullsub_24,1,1,1,isolated-raw-exact,exact,src/DecomphelpLeafAccessors.cpp,th10::leaf::Fn004136B0,False,canonical linked replay exact
0x00413730,Fn00413730,1326,True,sub_413730,7,7,7,isolated-raw-exact,exact,src/DecomphelpLeafAccessors.cpp,th10::leaf::Fn00413730,False,canonical linked replay exact
0x00413740,Fn00413740,1785,True,sub_413740,18,10,18,isolated-codegen-size-mismatch,absent,,,False,isolated-codegen-size-mismatch
0x00413760,Fn00413760,1793,True,sub_413760,13,13,4,isolated-codegen-size-mismatch,absent,,,False,isolated-codegen-size-mismatch
0x00413770,Fn00413770,1799,True,sub_413770,8,8,8,isolated-raw-exact,exact,src/DecomphelpLeafAccessors.cpp,th10::leaf::Fn00413770,False,canonical linked replay exact
0x00413780,Fn00413780,1806,True,sub_413780,13,13,4,isolated-codegen-size-mismatch,absent,,,False,isolated-codegen-size-mismatch
0x004137E0,Fn004137E0,1332,True,sub_4137E0,4,4,4,isolated-raw-exact,exact,src/DecomphelpLeafAccessors.cpp,th10::leaf::Fn004137E0,False,canonical linked replay exact
0x004137F0,Fn004137F0,2380,False,,,15,15,isolated-raw-exact,absent,,,False,boundary unavailable in direct IDA
0x00413800,Fn00413800,2390,False,,,12,12,isolated-raw-exact,absent,,,False,boundary unavailable in direct IDA
0x00417010,Fn00417010,6489,True,sub_417010,41,41,41,isolated-raw-exact,exact,src/DecomphelpLeafAccessors.cpp,th10::leaf::Fn00417010,False,canonical linked replay exact
0x00417580,Fn00417580,1514,True,sub_417580,4,4,4,isolated-raw-exact,exact,src/DecomphelpLeafAccessors.cpp,th10::leaf::Fn00417580,False,canonical linked replay exact
0x00417590,Fn00417590,1338,True,sub_417590,4,4,4,isolated-raw-exact,exact,src/DecomphelpLeafAccessors.cpp,th10::leaf::Fn00417590,False,canonical linked replay exact
0x004175A0,Fn004175A0,1344,True,sub_4175A0,4,4,4,isolated-raw-exact,exact,src/DecomphelpLeafAccessors.cpp,th10::leaf::Fn004175A0,False,canonical linked replay exact
0x004175B0,Fn004175B0,2355,True,sub_4175B0,10,10,10,isolated-raw-exact,exact,src/DecomphelpLeafAccessors.cpp,th10::leaf::Fn004175B0,False,canonical linked replay exact
0x004175C0,Fn004175C0,1813,True,sub_4175C0,5,5,5,isolated-raw-exact,exact,src/DecomphelpLeafAccessors.cpp,th10::leaf::Fn004175C0,False,canonical linked replay exact
0x004175D0,Fn004175D0,1520,True,sub_4175D0,4,4,4,isolated-raw-exact,exact,src/DecomphelpLeafAccessors.cpp,th10::leaf::Fn004175D0,False,canonical linked replay exact
0x004175E0,Fn004175E0,4620,True,sub_4175E0,32,32,32,isolated-raw-exact,exact,src/DecomphelpLeafAccessors.cpp,th10::leaf::Fn004175E0,False,canonical linked replay exact
0x00417600,Fn00417600,2375,True,sub_417600,10,,10,target-size-missing,absent,,,False,target-size-missing
0x00417610,Fn00417610,1350,False,,,7,7,isolated-raw-exact,absent,,,False,boundary unavailable in direct IDA
0x00417620,Fn00417620,1356,False,,,7,7,isolated-raw-exact,absent,,,False,boundary unavailable in direct IDA
0x00417630,Fn00417630,1362,True,sub_417630,6,6,6,isolated-raw-exact,exact,src/DecomphelpLeafAccessors.cpp,th10::leaf::Fn00417630,False,canonical linked replay exact
0x00417640,Fn00417640,1368,True,sub_417640,4,4,4,isolated-raw-exact,exact,src/DecomphelpLeafAccessors.cpp,th10::leaf::Fn00417640,False,canonical linked replay exact
0x00417650,Fn00417650,1374,True,sub_417650,6,6,6,isolated-raw-exact,exact,src/DecomphelpLeafAccessors.cpp,th10::leaf::Fn00417650,False,canonical linked replay exact
0x00417680,Fn00417680,1380,True,sub_417680,4,4,4,isolated-raw-exact,exact,src/DecomphelpLeafAccessors.cpp,th10::leaf::Fn00417680,False,canonical linked replay exact
0x00417690,Fn00417690,2360,True,sub_417690,10,10,10,isolated-raw-exact,exact,src/DecomphelpLeafAccessors.cpp,th10::leaf::Fn00417690,False,canonical linked replay exact
0x004176A0,Fn004176A0,1386,True,sub_4176A0,4,4,4,isolated-raw-exact,exact,src/DecomphelpLeafAccessors.cpp,th10::leaf::Fn004176A0,False,canonical linked replay exact
0x004176B0,Fn004176B0,1822,True,nullsub_25,1,1,1,isolated-raw-exact,exact,src/DecomphelpLeafAccessors.cpp,th10::leaf::Fn004176B0,False,canonical linked replay exact
0x004176C0,Fn004176C0,1526,True,sub_4176C0,3,3,3,isolated-raw-exact,exact,src/DecomphelpLeafAccessors.cpp,th10::leaf::Fn004176C0,False,canonical linked replay exact
0x004176D0,Fn004176D0,1392,True,sub_4176D0,3,3,3,isolated-raw-exact,exact,src/DecomphelpLeafAccessors.cpp,th10::leaf::Fn004176D0,False,canonical linked replay exact
0x004176E0,Fn004176E0,1398,True,sub_4176E0,4,4,4,isolated-raw-exact,exact,src/DecomphelpLeafAccessors.cpp,th10::leaf::Fn004176E0,False,canonical linked replay exact
0x004176F0,Fn004176F0,1828,True,sub_4176F0,8,8,8,isolated-raw-exact,exact,src/DecomphelpLeafAccessors.cpp,th10::leaf::Fn004176F0,False,canonical linked replay exact
0x00417700,Fn00417700,1835,True,sub_417700,8,8,8,isolated-raw-exact,exact,src/DecomphelpLeafAccessors.cpp,th10::leaf::Fn00417700,False,canonical linked replay exact
0x00417710,Fn00417710,2365,True,sub_417710,13,13,13,isolated-raw-exact,exact,src/DecomphelpLeafAccessors.cpp,th10::leaf::Fn00417710,False,canonical linked replay exact
0x004177C0,Fn004177C0,3090,True,sub_4177C0,25,25,25,isolated-raw-exact,exact,src/DecomphelpLeafAccessors.cpp,th10::leaf::Fn004177C0,False,canonical linked replay exact
0x004177E0,Fn004177E0,3104,True,sub_4177E0,25,25,25,isolated-raw-exact,exact,src/DecomphelpLeafAccessors.cpp,th10::leaf::Fn004177E0,False,canonical linked replay exact
0x00417800,Fn00417800,4631,True,sub_417800,58,58,58,isolated-raw-exact,exact,src/DecomphelpLeafAccessors.cpp,th10::leaf::Fn00417800,False,canonical linked replay exact
0x004187A0,Fn004187A0,5557,False,,,31,31,isolated-byte-diff,absent,,,False,boundary unavailable in direct IDA
0x00418810,Fn00418810,5450,True,sub_418810,64,64,68,isolated-codegen-size-mismatch,unclassified,,,False,isolated-codegen-size-mismatch
0x004189E0,Fn004189E0,1843,True,sub_4189E0,15,15,15,isolated-raw-exact,exact,src/DecomphelpLeafAccessors.cpp,th10::leaf::Fn004189E0,False,canonical linked replay exact
0x004189F0,Fn004189F0,1853,True,sub_4189F0,7,7,7,isolated-raw-exact,exact,src/DecomphelpLeafAccessors.cpp,th10::leaf::Fn004189F0,False,canonical linked replay exact
0x00418A90,Fn00418A90,2541,True,sub_418A90,20,20,20,isolated-raw-exact,exact,src/DecomphelpLeafAccessors.cpp,th10::leaf::Fn00418A90,False,canonical linked replay exact
0x00418AB0,Fn00418AB0,1404,True,sub_418AB0,4,4,4,isolated-raw-exact,exact,src/DecomphelpLeafAccessors.cpp,th10::leaf::Fn00418AB0,False,canonical linked replay exact
0x00418AC0,Fn00418AC0,1861,True,sub_418AC0,15,15,15,isolated-raw-exact,exact,src/DecomphelpLeafAccessors.cpp,th10::leaf::Fn00418AC0,False,canonical linked replay exact
0x00418AF0,Fn00418AF0,2672,True,sub_418AF0,17,17,18,isolated-codegen-size-mismatch,absent,,,False,isolated-codegen-size-mismatch
0x00418B10,Fn00418B10,2678,True,sub_418B10,17,17,17,isolated-raw-exact,exact,src/DecomphelpLeafAccessors.cpp,th10::leaf::Fn00418B10,False,canonical linked replay exact
0x00418B30,Fn00418B30,2370,True,sub_418B30,9,9,9,isolated-raw-exact,exact,src/DecomphelpLeafAccessors.cpp,th10::leaf::Fn00418B30,False,canonical linked replay exact
0x00418B40,Fn00418B40,1532,True,sub_418B40,4,4,4,isolated-raw-exact,exact,src/DecomphelpLeafAccessors.cpp,th10::leaf::Fn00418B40,False,canonical linked replay exact
0x00418B50,Fn00418B50,1870,True,sub_418B50,5,5,5,isolated-raw-exact,exact,src/DecomphelpLeafAccessors.cpp,th10::leaf::Fn00418B50,False,canonical linked replay exact
0x00418B60,Fn00418B60,1538,True,sub_418B60,5,5,5,isolated-raw-exact,exact,src/DecomphelpLeafAccessors.cpp,th10::leaf::Fn00418B60,False,canonical linked replay exact
0x00418B70,Fn00418B70,1544,True,sub_418B70,4,4,4,isolated-raw-exact,exact,src/DecomphelpLeafAccessors.cpp,th10::leaf::Fn00418B70,False,canonical linked replay exact
0x00418B80,Fn00418B80,4650,True,sub_418B80,73,73,71,isolated-codegen-size-mismatch,exact,src/ItemManager.cpp,GameScoreStateView::SetFaith,False,isolated-codegen-size-mismatch
0x00418BD0,Fn00418BD0,1550,True,sub_418BD0,4,4,4,isolated-raw-exact,exact,src/DecomphelpLeafAccessors.cpp,th10::leaf::Fn00418BD0,False,canonical linked replay exact
0x00418BE0,Fn00418BE0,1556,True,sub_418BE0,4,4,4,isolated-raw-exact,exact,src/DecomphelpLeafAccessors.cpp,th10::leaf::Fn00418BE0,False,canonical linked replay exact
0x00418BF0,Fn00418BF0,1562,True,sub_418BF0,4,4,4,isolated-raw-exact,exact,src/DecomphelpLeafAccessors.cpp,th10::leaf::Fn00418BF0,False,canonical linked replay exact
0x00418C00,Fn00418C00,3118,True,sub_418C00,6,6,6,isolated-raw-exact,exact,src/DecomphelpLeafAccessors.cpp,th10::leaf::Fn00418C00,False,canonical linked replay exact
0x00418C10,Fn00418C10,1410,True,sub_418C10,9,9,9,isolated-raw-exact,exact,src/DecomphelpLeafAccessors.cpp,th10::leaf::Fn00418C10,False,canonical linked replay exact
0x00418C20,Fn00418C20,1877,True,nullsub_26,1,1,1,isolated-raw-exact,exact,src/DecomphelpLeafAccessors.cpp,th10::leaf::Fn00418C20,False,canonical linked replay exact
0x00418CC0,Fn00418CC0,4668,False,,,63,42,isolated-codegen-size-mismatch,absent,,,False,boundary unavailable in direct IDA
0x00418D00,Fn00418D00,3927,True,sub_418D00,51,51,147,isolated-codegen-size-mismatch,unclassified,,,False,isolated-codegen-size-mismatch
0x00418D40,Fn00418D40,5147,True,sub_418D40,237,212,237,isolated-codegen-size-mismatch,unclassified,,,False,isolated-codegen-size-mismatch
0x00418EC0,Fn00418EC0,4372,False,,,28,26,isolated-codegen-size-mismatch,absent,,,False,boundary unavailable in direct IDA
0x00419890,Fn00419890,1883,True,sub_419890,6,6,6,isolated-raw-exact,exact,src/DecomphelpLeafAccessors.cpp,th10::leaf::Fn00419890,False,canonical linked replay exact
0x004198B0,Fn004198B0,1889,True,sub_4198B0,6,6,6,isolated-raw-exact,exact,src/DecomphelpLeafAccessors.cpp,th10::leaf::Fn004198B0,False,canonical linked replay exact
0x00419930,Fn00419930,4388,False,,,31,35,isolated-codegen-size-mismatch,absent,,,False,boundary unavailable in direct IDA
0x0041A0A0,Fn0041A0A0,5793,True,sub_41A0A0,114,54,112,isolated-codegen-size-mismatch,unclassified,,,False,isolated-codegen-size-mismatch
0x0041AAD0,Fn0041AAD0,6540,False,,,39,37,isolated-codegen-size-mismatch,absent,,,False,boundary unavailable in direct IDA
0x0041AB00,Fn0041AB00,4408,False,,,11,15,isolated-codegen-size-mismatch,absent,,,False,boundary unavailable in direct IDA
0x0041AB50,Fn0041AB50,1417,True,sub_41AB50,7,7,7,isolated-raw-exact,exact,src/DecomphelpLeafAccessors.cpp,th10::leaf::Fn0041AB50,False,canonical linked replay exact
0x0041AB60,Fn0041AB60,1423,True,sub_41AB60,4,4,4,isolated-raw-exact,exact,src/DecomphelpLeafAccessors.cpp,th10::leaf::Fn0041AB60,False,canonical linked replay exact
0x0041AB70,Fn0041AB70,5673,True,sub_41AB70,136,136,134,isolated-codegen-size-mismatch,exact,src/AnmManager.cpp,AnmVmView::StartScaleInterpolation,False,isolated-codegen-size-mismatch
0x0041AC00,Fn0041AC00,1568,True,sub_41AC00,4,4,4,isolated-raw-exact,exact,src/DecomphelpLeafAccessors.cpp,th10::leaf::Fn0041AC00,False,canonical linked replay exact
0x0041AC10,Fn0041AC10,1574,True,sub_41AC10,4,4,4,isolated-raw-exact,exact,src/DecomphelpLeafAccessors.cpp,th10::leaf::Fn0041AC10,False,canonical linked replay exact
0x0041AC20,Fn0041AC20,2684,True,sub_41AC20,11,11,14,isolated-codegen-size-mismatch,absent,,,False,isolated-codegen-size-mismatch
0x0041AC30,Fn0041AC30,2691,True,sub_41AC30,12,12,15,isolated-codegen-size-mismatch,absent,,,False,isolated-codegen-size-mismatch
0x0041AC40,Fn0041AC40,4687,False,,,50,50,isolated-raw-exact,absent,,,False,boundary unavailable in direct IDA
0x0041ACA0,Fn0041ACA0,1429,True,sub_41ACA0,7,7,7,isolated-raw-exact,exact,src/DecomphelpLeafAccessors.cpp,th10::leaf::Fn0041ACA0,False,canonical linked replay exact
0x0041ACF0,Fn0041ACF0,3941,True,sub_41ACF0,104,104,166,isolated-codegen-size-mismatch,absent,,,False,isolated-codegen-size-mismatch
0x0041BEE0,Fn0041BEE0,1895,True,sub_41BEE0,7,7,7,isolated-raw-exact,exact,src/DecomphelpLeafAccessors.cpp,th10::leaf::Fn0041BEE0,False,canonical linked replay exact
0x0041BEF0,Fn0041BEF0,1903,True,nullsub_2,1,1,1,isolated-raw-exact,exact,src/DecomphelpLeafAccessors.cpp,th10::leaf::Fn0041BEF0,False,canonical linked replay exact
0x0041BF10,Fn0041BF10,1435,True,sub_41BF10,3,3,3,isolated-raw-exact,exact,src/DecomphelpLeafAccessors.cpp,th10::leaf::Fn0041BF10,False,canonical linked replay exact
0x0041BF20,Fn0041BF20,1441,True,sub_41BF20,3,3,3,isolated-raw-exact,exact,src/DecomphelpLeafAccessors.cpp,th10::leaf::Fn0041BF20,False,canonical linked replay exact
0x0041BF90,Fn0041BF90,1909,True,nullsub_29,1,1,1,isolated-raw-exact,exact,src/DecomphelpLeafAccessors.cpp,th10::leaf::Fn0041BF90,False,canonical linked replay exact
0x0041BFA0,Fn0041BFA0,1915,True,nullsub_30,1,1,1,isolated-raw-exact,exact,src/DecomphelpLeafAccessors.cpp,th10::leaf::Fn0041BFA0,False,canonical linked replay exact
0x0041BFB0,Fn0041BFB0,1921,True,nullsub_31,1,1,1,isolated-raw-exact,exact,src/DecomphelpLeafAccessors.cpp,th10::leaf::Fn0041BFB0,False,canonical linked replay exact
0x0041BFC0,Fn0041BFC0,1927,True,nullsub_32,1,1,1,isolated-raw-exact,exact,src/DecomphelpLeafAccessors.cpp,th10::leaf::Fn0041BFC0,False,canonical linked replay exact
0x0041BFD0,Fn0041BFD0,1933,True,nullsub_33,1,1,1,isolated-raw-exact,exact,src/DecomphelpLeafAccessors.cpp,th10::leaf::Fn0041BFD0,False,canonical linked replay exact
0x0041BFE0,Fn0041BFE0,1939,True,nullsub_34,1,1,1,isolated-raw-exact,exact,src/DecomphelpLeafAccessors.cpp,th10::leaf::Fn0041BFE0,False,canonical linked replay exact
0x0041BFF0,Fn0041BFF0,1945,True,nullsub_35,1,1,1,isolated-raw-exact,exact,src/DecomphelpLeafAccessors.cpp,th10::leaf::Fn0041BFF0,False,canonical linked replay exact
0x0041C000,Fn0041C000,1951,True,nullsub_36,1,1,1,isolated-raw-exact,exact,src/DecomphelpLeafAccessors.cpp,th10::leaf::Fn0041C000,False,canonical linked replay exact
0x0041C010,Fn0041C010,1957,True,nullsub_37,1,1,1,isolated-raw-exact,exact,src/DecomphelpLeafAccessors.cpp,th10::leaf::Fn0041C010,False,canonical linked replay exact
0x0041C020,Fn0041C020,1963,True,nullsub_38,1,1,1,isolated-raw-exact,exact,src/DecomphelpLeafAccessors.cpp,th10::leaf::Fn0041C020,False,canonical linked replay exact
0x0041C030,Fn0041C030,5698,True,sub_41C030,98,98,98,isolated-raw-exact,exact,src/DecomphelpLeafAccessors.cpp,th10::leaf::Fn0041C030,False,canonical linked replay exact
0x0041C0A0,Fn0041C0A0,3965,False,,,16,30,isolated-codegen-size-mismatch,absent,,,False,boundary unavailable in direct IDA
0x0041D870,Fn0041D870,1447,True,sub_41D870,3,3,3,isolated-raw-exact,exact,src/DecomphelpLeafAccessors.cpp,th10::leaf::Fn0041D870,False,canonical linked replay exact
0x0041EAF0,Fn0041EAF0,1453,True,sub_41EAF0,3,3,3,isolated-raw-exact,exact,src/DecomphelpLeafAccessors.cpp,th10::leaf::Fn0041EAF0,False,canonical linked replay exact
0x0041F7A0,Fn0041F7A0,4929,True,sub_41F7A0,91,83,234,isolated-codegen-size-mismatch,exact,src/EnemyLaser.cpp,EnemyLaserVectorView::IsOutsidePlayfield,False,isolated-codegen-size-mismatch
0x0041F820,Fn0041F820,1091,True,sub_41F820,19,19,19,isolated-raw-exact,exact,src/DecomphelpLeafAccessors.cpp,th10::leaf::Fn0041F820,False,canonical linked replay exact
0x0041F840,Fn0041F840,1969,True,nullsub_39,1,1,1,isolated-raw-exact,exact,src/DecomphelpLeafAccessors.cpp,th10::leaf::Fn0041F840,False,canonical linked replay exact
0x0041F850,Fn0041F850,5572,True,sub_41F850,128,128,195,isolated-codegen-size-mismatch,unclassified,,,False,isolated-codegen-size-mismatch
0x0041FD90,Fn0041FD90,6223,False,,,63,87,isolated-codegen-size-mismatch,absent,,,False,boundary unavailable in direct IDA
0x0041FEB0,Fn0041FEB0,4083,True,sub_41FEB0,63,63,87,isolated-codegen-size-mismatch,absent,,,False,isolated-codegen-size-mismatch
0x0041FF00,Fn0041FF00,3126,True,sub_41FF00,34,34,34,isolated-raw-exact,exact,src/DecomphelpLeafAccessors.cpp,th10::leaf::Fn0041FF00,False,canonical linked replay exact
0x0041FF30,Fn0041FF30,641,True,sub_41FF30,7,7,7,isolated-raw-exact,exact,src/DecomphelpLeafAccessors.cpp,th10::leaf::Fn0041FF30,False,canonical linked replay exact
0x0041FF40,Fn0041FF40,647,True,sub_41FF40,13,13,13,isolated-raw-exact,exact,src/DecomphelpLeafAccessors.cpp,th10::leaf::Fn0041FF40,False,canonical linked replay exact
0x004200C0,Fn004200C0,653,True,sub_4200C0,6,6,6,isolated-raw-exact,exact,src/DecomphelpLeafAccessors.cpp,th10::leaf::Fn004200C0,False,canonical linked replay exact
0x00420B60,Fn00420B60,4226,False,,,16,22,isolated-codegen-size-mismatch,absent,,,False,boundary unavailable in direct IDA
0x00420DC0,Fn00420DC0,2219,True,nullsub_42,1,1,1,isolated-raw-exact,exact,src/DecomphelpLeafAccessors.cpp,th10::leaf::Fn00420DC0,False,canonical linked replay exact
0x004216F0,Fn004216F0,4849,True,sub_4216F0,465,465,261,isolated-codegen-size-mismatch,unclassified,,,False,isolated-codegen-size-mismatch
0x00421B70,Fn00421B70,3143,True,sub_421B70,23,23,23,isolated-raw-exact,exact,src/DecomphelpLeafAccessors.cpp,th10::leaf::Fn00421B70,False,canonical linked replay exact
0x00421C00,Fn00421C00,5733,False,,,11,70,isolated-codegen-size-mismatch,absent,,,False,boundary unavailable in direct IDA
0x00421C90,Fn00421C90,659,True,sub_421C90,13,13,13,isolated-raw-exact,exact,src/DecomphelpLeafAccessors.cpp,th10::leaf::Fn00421C90,False,canonical linked replay exact
0x00421CA0,Fn00421CA0,665,True,sub_421CA0,13,13,13,isolated-raw-exact,exact,src/DecomphelpLeafAccessors.cpp,th10::leaf::Fn00421CA0,False,canonical linked replay exact
0x00421CB0,Fn00421CB0,671,True,sub_421CB0,13,13,13,isolated-raw-exact,exact,src/DecomphelpLeafAccessors.cpp,th10::leaf::Fn00421CB0,False,canonical linked replay exact
0x00421CC0,Fn00421CC0,677,True,sub_421CC0,12,12,12,isolated-raw-exact,exact,src/DecomphelpLeafAccessors.cpp,th10::leaf::Fn00421CC0,False,canonical linked replay exact
0x00421CD0,Fn00421CD0,181,False,,,8,8,isolated-raw-exact,absent,,,False,boundary unavailable in direct IDA
0x00421CE0,Fn00421CE0,683,True,sub_421CE0,10,10,10,isolated-raw-exact,exact,src/DecomphelpLeafAccessors.cpp,th10::leaf::Fn00421CE0,False,canonical linked replay exact
0x00421CF0,Fn00421CF0,689,True,sub_421CF0,13,13,13,isolated-raw-exact,exact,src/DecomphelpLeafAccessors.cpp,th10::leaf::Fn00421CF0,False,canonical linked replay exact
0x00421D40,Fn00421D40,2225,True,nullsub_44,1,1,1,isolated-raw-exact,exact,src/DecomphelpLeafAccessors.cpp,th10::leaf::Fn00421D40,False,canonical linked replay exact
0x00421D70,Fn00421D70,695,True,sub_421D70,4,4,4,isolated-raw-exact,exact,src/DecomphelpLeafAccessors.cpp,th10::leaf::Fn00421D70,False,canonical linked replay exact
0x00421D80,Fn00421D80,701,True,sub_421D80,8,8,8,isolated-raw-exact,exact,src/DecomphelpLeafAccessors.cpp,th10::leaf::Fn00421D80,False,canonical linked replay exact
0x00421D90,Fn00421D90,707,True,sub_421D90,8,8,8,isolated-raw-exact,exact,src/DecomphelpLeafAccessors.cpp,th10::leaf::Fn00421D90,False,canonical linked replay exact
0x00421DA0,Fn00421DA0,713,True,sub_421DA0,8,8,8,isolated-raw-exact,exact,src/DecomphelpLeafAccessors.cpp,th10::leaf::Fn00421DA0,False,canonical linked replay exact
0x00421DB0,Fn00421DB0,719,True,sub_421DB0,8,8,8,isolated-raw-exact,exact,src/DecomphelpLeafAccessors.cpp,th10::leaf::Fn00421DB0,False,canonical linked replay exact
0x00421DC0,Fn00421DC0,725,True,sub_421DC0,8,8,8,isolated-raw-exact,exact,src/DecomphelpLeafAccessors.cpp,th10::leaf::Fn00421DC0,False,canonical linked replay exact
0x00421DD0,Fn00421DD0,731,True,sub_421DD0,8,8,8,isolated-raw-exact,exact,src/DecomphelpLeafAccessors.cpp,th10::leaf::Fn00421DD0,False,canonical linked replay exact
0x00421DE0,Fn00421DE0,737,True,sub_421DE0,11,11,11,isolated-raw-exact,exact,src/DecomphelpLeafAccessors.cpp,th10::leaf::Fn00421DE0,False,canonical linked replay exact
0x00421DF0,Fn00421DF0,743,True,sub_421DF0,11,11,11,isolated-raw-exact,exact,src/DecomphelpLeafAccessors.cpp,th10::leaf::Fn00421DF0,False,canonical linked replay exact
0x00421EF0,Fn00421EF0,749,True,sub_421EF0,4,4,4,isolated-raw-exact,exact,src/DecomphelpLeafAccessors.cpp,th10::leaf::Fn00421EF0,False,canonical linked replay exact
0x00421F50,Fn00421F50,3153,True,sub_421F50,12,12,12,isolated-raw-exact,exact,src/DecomphelpLeafAccessors.cpp,th10::leaf::Fn00421F50,False,canonical linked replay exact
0x00421F60,Fn00421F60,4418,True,sub_421F60,28,28,25,isolated-codegen-size-mismatch,unclassified,,,False,isolated-codegen-size-mismatch
0x00421F80,Fn00421F80,5830,False,,,19,17,isolated-codegen-size-mismatch,absent,,,False,boundary unavailable in direct IDA
0x004220E0,Fn004220E0,3972,True,sub_4220E0,101,72,101,isolated-codegen-size-mismatch,unclassified,,,False,isolated-codegen-size-mismatch
0x004221E0,Fn004221E0,755,True,sub_4221E0,3,3,3,isolated-raw-exact,exact,src/DecomphelpLeafAccessors.cpp,th10::leaf::Fn004221E0,False,canonical linked replay exact
0x004221F0,Fn004221F0,761,True,sub_4221F0,3,3,3,isolated-raw-exact,exact,src/DecomphelpLeafAccessors.cpp,th10::leaf::Fn004221F0,False,canonical linked replay exact
0x00424440,Fn00424440,3163,False,,,17,23,isolated-codegen-size-mismatch,absent,,,False,boundary unavailable in direct IDA
0x00424530,Fn00424530,6245,False,,,13,79,isolated-codegen-size-mismatch,absent,,,False,boundary unavailable in direct IDA
0x00424590,Fn00424590,767,True,sub_424590,4,4,4,isolated-raw-exact,exact,src/DecomphelpLeafAccessors.cpp,th10::leaf::Fn00424590,False,canonical linked replay exact
0x004245A0,Fn004245A0,773,True,sub_4245A0,7,7,7,isolated-raw-exact,exact,src/DecomphelpLeafAccessors.cpp,th10::leaf::Fn004245A0,False,canonical linked replay exact
0x004245D0,Fn004245D0,4831,False,,,19,22,isolated-codegen-size-mismatch,absent,,,False,boundary unavailable in direct IDA
0x004245F0,Fn004245F0,2231,True,nullsub_45,1,1,1,isolated-raw-exact,exact,src/DecomphelpLeafAccessors.cpp,th10::leaf::Fn004245F0,False,canonical linked replay exact
0x00424600,Fn00424600,779,True,sub_424600,7,7,7,isolated-raw-exact,exact,src/DecomphelpLeafAccessors.cpp,th10::leaf::Fn00424600,False,canonical linked replay exact
0x00424610,Fn00424610,785,True,sub_424610,6,2,6,isolated-codegen-size-mismatch,absent,,,False,isolated-codegen-size-mismatch
0x00424620,Fn00424620,1101,True,sub_424620,25,25,25,isolated-raw-exact,exact,src/DecomphelpLeafAccessors.cpp,th10::leaf::Fn00424620,False,canonical linked replay exact
0x00424640,Fn00424640,791,True,sub_424640,4,4,4,isolated-raw-exact,exact,src/DecomphelpLeafAccessors.cpp,th10::leaf::Fn00424640,False,canonical linked replay exact
0x004246C0,Fn004246C0,4104,True,sub_4246C0,244,244,322,isolated-codegen-size-mismatch,unclassified,src/Player.cpp,Player::Player,False,isolated-codegen-size-mismatch
0x004247C0,Fn004247C0,2401,True,sub_4247C0,7,7,5,isolated-codegen-size-mismatch,exact,src/Player.cpp,PlayerTimerView::PlayerTimerView,False,isolated-codegen-size-mismatch
0x004247D0,Fn004247D0,2407,True,sub_4247D0,10,10,8,isolated-codegen-size-mismatch,exact,src/Player.cpp,PlayerOptionRuntime::PlayerOptionRuntime,False,isolated-codegen-size-mismatch
0x004247E0,Fn004247E0,2413,True,sub_4247E0,7,7,5,isolated-codegen-size-mismatch,exact,src/Player.cpp,PlayerEffectRowView::PlayerEffectRowView,False,isolated-codegen-size-mismatch
0x00424EB0,Fn00424EB0,797,True,sub_424EB0,3,3,3,isolated-raw-exact,exact,src/DecomphelpLeafAccessors.cpp,th10::leaf::Fn00424EB0,False,canonical linked replay exact
0x00424EC0,Fn00424EC0,803,True,sub_424EC0,3,3,3,isolated-raw-exact,exact,src/DecomphelpLeafAccessors.cpp,th10::leaf::Fn00424EC0,False,canonical linked replay exact
0x00427B50,Fn00427B50,6405,True,sub_427B50,181,37,275,isolated-codegen-size-mismatch,unclassified,,,False,isolated-codegen-size-mismatch
0x00427C40,Fn00427C40,809,True,sub_427C40,4,4,4,isolated-raw-exact,exact,src/DecomphelpLeafAccessors.cpp,th10::leaf::Fn00427C40,False,canonical linked replay exact
0x00427C70,Fn00427C70,4235,True,sub_427C70,29,24,25,isolated-codegen-size-mismatch,unclassified,,,False,isolated-codegen-size-mismatch
0x00427CB0,Fn00427CB0,2463,True,sub_427CB0,6,6,7,isolated-codegen-size-mismatch,absent,,,False,isolated-codegen-size-mismatch
0x00427CE0,Fn00427CE0,6266,False,,,30,38,isolated-codegen-size-mismatch,absent,,,False,boundary unavailable in direct IDA
0x00427D00,Fn00427D00,3175,False,,,34,34,isolated-byte-diff,absent,,,False,boundary unavailable in direct IDA
0x00427D30,Fn00427D30,4245,False,,,12,18,isolated-codegen-size-mismatch,absent,,,False,boundary unavailable in direct IDA
0x00427D50,Fn00427D50,3197,True,sub_427D50,24,24,24,isolated-raw-exact,exact,src/DecomphelpLeafAccessors.cpp,th10::leaf::Fn00427D50,False,canonical linked replay exact
0x00427D70,Fn00427D70,2698,True,sub_427D70,6,6,6,isolated-raw-exact,exact,src/DecomphelpLeafAccessors.cpp,th10::leaf::Fn00427D70,False,canonical linked replay exact
0x00427D80,Fn00427D80,3215,False,,,21,21,isolated-raw-exact,exact,src/DecomphelpLeafAccessors.cpp,th10::leaf::Fn00427D80,False,canonical linked replay exact; direct IDA byte review confirms the 21-byte physical extent
0x00427DC0,Fn00427DC0,3229,True,sub_427DC0,16,16,24,isolated-codegen-size-mismatch,absent,,,False,isolated-codegen-size-mismatch
0x00427DF0,Fn00427DF0,815,True,sub_427DF0,4,4,4,isolated-raw-exact,exact,src/DecomphelpLeafAccessors.cpp,th10::leaf::Fn00427DF0,False,canonical linked replay exact
0x00427E00,Fn00427E00,2237,True,nullsub_46,1,1,1,isolated-raw-exact,exact,src/DecomphelpLeafAccessors.cpp,th10::leaf::Fn00427E00,False,canonical linked replay exact
0x00427E10,Fn00427E10,1978,True,sub_427E10,3,3,1,isolated-codegen-size-mismatch,absent,,,False,isolated-codegen-size-mismatch
0x00427E20,Fn00427E20,3245,True,sub_427E20,23,23,23,isolated-byte-diff,absent,,,False,isolated-byte-diff
0x00427E40,Fn00427E40,2469,False,,,14,14,isolated-raw-exact,absent,,,False,boundary unavailable in direct IDA
0x00427E50,Fn00427E50,4431,False,,,20,26,isolated-codegen-size-mismatch,absent,,,False,boundary unavailable in direct IDA
0x00427E70,Fn00427E70,4441,False,,,20,26,isolated-codegen-size-mismatch,absent,,,False,boundary unavailable in direct IDA
0x004285F0,Fn004285F0,5428,False,,,55,59,isolated-codegen-size-mismatch,unclassified,,,False,boundary unavailable in direct IDA
0x00428AD0,Fn00428AD0,4895,True,sub_428AD0,53,53,40,isolated-codegen-size-mismatch,unclassified,,,False,isolated-codegen-size-mismatch
0x00428C20,Fn00428C20,6587,True,sub_428C20,125,125,82,isolated-codegen-size-mismatch,unclassified,,,False,isolated-codegen-size-mismatch
0x00428CE0,Fn00428CE0,6039,True,sub_428CE0,80,40,84,isolated-codegen-size-mismatch,absent,,,False,isolated-codegen-size-mismatch
0x00428D60,Fn00428D60,3644,False,,,4,4,isolated-raw-exact,absent,,,False,boundary unavailable in direct IDA
0x00428D70,Fn00428D70,4941,True,sub_428D70,91,83,234,isolated-codegen-size-mismatch,exact,src/Player.cpp,PlayerShotBoundsView::IsOutsidePlayfield,False,isolated-codegen-size-mismatch
0x00428DF0,Fn00428DF0,3263,False,,,17,23,isolated-codegen-size-mismatch,absent,,,False,boundary unavailable in direct IDA
0x00428E10,Fn00428E10,6280,True,sub_428E10,83,5,115,isolated-codegen-size-mismatch,unclassified,,,False,isolated-codegen-size-mismatch
0x00428E70,Fn00428E70,2474,False,,,14,14,isolated-raw-exact,absent,,,False,boundary unavailable in direct IDA
0x00428EC0,Fn00428EC0,2905,False,,,24,24,isolated-raw-exact,absent,,,False,boundary unavailable in direct IDA
0x00428EE0,Fn00428EE0,2913,False,,,24,24,isolated-raw-exact,absent,,,False,boundary unavailable in direct IDA
0x00428F00,Fn00428F00,2921,False,,,24,24,isolated-raw-exact,absent,,,False,boundary unavailable in direct IDA
0x00428F20,Fn00428F20,3652,False,,,4,4,isolated-raw-exact,absent,,,False,boundary unavailable in direct IDA
0x00429A30,Fn00429A30,4157,False,,,58,50,isolated-codegen-size-mismatch,unclassified,,,False,boundary unavailable in direct IDA
0x0042A3E0,Fn0042A3E0,4451,True,sub_42A3E0,68,62,54,isolated-codegen-size-mismatch,unclassified,,,False,isolated-codegen-size-mismatch
0x0042A810,Fn0042A810,187,True,sub_42A810,7,7,7,isolated-raw-exact,exact,src/DecomphelpLeafAccessors.cpp,th10::leaf::Fn0042A810,False,canonical linked replay exact
0x0042A820,Fn0042A820,1986,True,sub_42A820,14,14,14,isolated-raw-exact,exact,src/DecomphelpLeafAccessors.cpp,th10::leaf::Fn0042A820,False,canonical linked replay exact
0x0042A830,Fn0042A830,3275,False,,,28,28,isolated-byte-diff,absent,,,False,boundary unavailable in direct IDA
0x0042A850,Fn0042A850,3297,False,,,23,31,isolated-codegen-size-mismatch,absent,,,False,boundary unavailable in direct IDA
0x0042A870,Fn0042A870,3321,False,,,42,42,isolated-byte-diff,absent,,,False,boundary unavailable in direct IDA
0x0042A900,Fn0042A900,3331,False,,,38,51,isolated-codegen-size-mismatch,absent,,,False,boundary unavailable in direct IDA
0x0042A930,Fn0042A930,5367,True,sub_42A930,59,59,57,isolated-codegen-size-mismatch,exact,src/ItemManager.cpp,GameScoreStateView::SetTimerCurrent,False,isolated-codegen-size-mismatch
0x0042A970,Fn0042A970,821,True,sub_42A970,4,4,4,isolated-raw-exact,exact,src/DecomphelpLeafAccessors.cpp,th10::leaf::Fn0042A970,False,canonical linked replay exact
0x0042A980,Fn0042A980,827,True,sub_42A980,4,4,4,isolated-raw-exact,exact,src/DecomphelpLeafAccessors.cpp,th10::leaf::Fn0042A980,False,canonical linked replay exact
0x0042A990,Fn0042A990,2705,True,sub_42A990,19,19,19,isolated-raw-exact,exact,src/DecomphelpLeafAccessors.cpp,th10::leaf::Fn0042A990,False,canonical linked replay exact
0x0042A9B0,Fn0042A9B0,3347,True,sub_42A9B0,6,6,6,isolated-raw-exact,exact,src/DecomphelpLeafAccessors.cpp,th10::leaf::Fn0042A9B0,False,canonical linked replay exact
0x0042A9C0,Fn0042A9C0,833,True,sub_42A9C0,8,8,8,isolated-raw-exact,exact,src/DecomphelpLeafAccessors.cpp,th10::leaf::Fn0042A9C0,False,canonical linked replay exact
0x0042A9D0,Fn0042A9D0,839,True,sub_42A9D0,4,4,4,isolated-raw-exact,exact,src/DecomphelpLeafAccessors.cpp,th10::leaf::Fn0042A9D0,False,canonical linked replay exact
0x0042A9E0,Fn0042A9E0,3994,False,,,16,16,isolated-raw-exact,absent,,,False,boundary unavailable in direct IDA
0x0042AA10,Fn0042AA10,2713,True,sub_42AA10,50,50,43,isolated-codegen-size-mismatch,absent,,,False,isolated-codegen-size-mismatch
0x0042AAE0,Fn0042AAE0,4001,False,,,54,54,isolated-byte-diff,absent,,,False,boundary unavailable in direct IDA
0x0042AC10,Fn0042AC10,2244,True,nullsub_47,1,1,1,isolated-raw-exact,exact,src/DecomphelpLeafAccessors.cpp,th10::leaf::Fn0042AC10,False,canonical linked replay exact
0x0042AC20,Fn0042AC20,2730,True,sub_42AC20,55,55,29,isolated-codegen-size-mismatch,absent,,,False,isolated-codegen-size-mismatch
0x0042B420,Fn0042B420,1992,True,nullsub_48,1,1,1,isolated-raw-exact,exact,src/DecomphelpLeafAccessors.cpp,th10::leaf::Fn0042B420,False,canonical linked replay exact
0x0042B4C0,Fn0042B4C0,2456,True,sub_42B4C0,7,7,5,isolated-codegen-size-mismatch,absent,,,False,isolated-codegen-size-mismatch
0x0042BAB0,Fn0042BAB0,1999,True,nullsub_49,1,1,1,isolated-raw-exact,exact,src/DecomphelpLeafAccessors.cpp,th10::leaf::Fn0042BAB0,False,canonical linked replay exact
0x0042BAC0,Fn0042BAC0,3355,False,,,14,19,isolated-codegen-size-mismatch,absent,,,False,boundary unavailable in direct IDA
0x0042C5A0,Fn0042C5A0,2005,True,nullsub_50,1,1,1,isolated-raw-exact,exact,src/DecomphelpLeafAccessors.cpp,th10::leaf::Fn0042C5A0,False,canonical linked replay exact
0x0042C5B0,Fn0042C5B0,2011,True,sub_42C5B0,6,2,6,isolated-codegen-size-mismatch,absent,,,False,isolated-codegen-size-mismatch
0x0042C830,Fn0042C830,1459,True,sub_42C830,7,7,7,isolated-raw-exact,exact,src/DecomphelpLeafAccessors.cpp,th10::leaf::Fn0042C830,False,canonical linked replay exact
0x0042C840,Fn0042C840,2485,False,,,9,9,isolated-byte-diff,absent,,,False,boundary unavailable in direct IDA
0x0042C920,Fn0042C920,5211,True,sub_42C920,204,64,207,isolated-codegen-size-mismatch,unclassified,,,False,isolated-codegen-size-mismatch
0x00434A80,Fn00434A80,5752,True,sub_434A80,206,206,212,isolated-codegen-size-mismatch,unclassified,,,False,isolated-codegen-size-mismatch
0x00434B70,Fn00434B70,845,True,sub_434B70,11,11,11,isolated-raw-exact,exact,src/DecomphelpLeafAccessors.cpp,th10::leaf::Fn00434B70,False,canonical linked replay exact
0x00434B90,Fn00434B90,851,True,sub_434B90,5,5,5,isolated-raw-exact,exact,src/DecomphelpLeafAccessors.cpp,th10::leaf::Fn00434B90,False,canonical linked replay exact
0x00434BA0,Fn00434BA0,2930,True,sub_434BA0,17,17,21,isolated-codegen-size-mismatch,absent,,,False,isolated-codegen-size-mismatch
0x00434BC0,Fn00434BC0,3369,True,sub_434BC0,20,20,20,isolated-raw-exact,exact,src/DecomphelpLeafAccessors.cpp,th10::leaf::Fn00434BC0,False,canonical linked replay exact
0x00434BE0,Fn00434BE0,857,True,sub_434BE0,8,8,8,isolated-raw-exact,exact,src/DecomphelpLeafAccessors.cpp,th10::leaf::Fn00434BE0,False,canonical linked replay exact
0x00434BF0,Fn00434BF0,193,True,sub_434BF0,11,11,11,isolated-raw-exact,exact,src/DecomphelpLeafAccessors.cpp,th10::leaf::Fn00434BF0,False,canonical linked replay exact
0x00434C00,Fn00434C00,2255,True,nullsub_51,1,1,1,isolated-raw-exact,exact,src/DecomphelpLeafAccessors.cpp,th10::leaf::Fn00434C00,False,canonical linked replay exact
0x00434C10,Fn00434C10,2419,True,sub_434C10,16,16,14,isolated-codegen-size-mismatch,exact,src/PbgArchive.cpp,PbgArchive::PbgArchive,False,isolated-codegen-size-mismatch
0x00435270,Fn00435270,2940,True,sub_435270,12,12,10,isolated-codegen-size-mismatch,exact,src/PbgArchive.cpp,PbgArchive::SeekPastInt,False,isolated-codegen-size-mismatch
0x004352C0,Fn004352C0,2428,True,unknown_libname_1,9,9,7,isolated-codegen-size-mismatch,exact,src/PbgArchive.cpp,PbgArchiveEntry::PbgArchiveEntry,False,isolated-codegen-size-mismatch
0x004352D0,Fn004352D0,2261,True,nullsub_52,1,1,1,isolated-raw-exact,exact,src/DecomphelpLeafAccessors.cpp,th10::leaf::Fn004352D0,False,canonical linked replay exact
0x004352E0,Fn004352E0,2267,True,nullsub_53,1,1,1,isolated-raw-exact,exact,src/DecomphelpLeafAccessors.cpp,th10::leaf::Fn004352E0,False,canonical linked replay exact
0x004352F0,Fn004352F0,2273,True,nullsub_54,1,1,1,isolated-raw-exact,exact,src/DecomphelpLeafAccessors.cpp,th10::leaf::Fn004352F0,False,canonical linked replay exact
0x00435300,Fn00435300,2020,True,sub_435300,21,21,21,isolated-raw-exact,exact,src/PbgFile.cpp,CPbgFile::CPbgFile,False,isolated-raw-exact
0x00435690,Fn00435690,2029,True,sub_435690,7,7,7,isolated-byte-diff,exact,src/PbgFile.cpp,IPbgFile::~IPbgFile,False,isolated-byte-diff
0x004359A0,Fn004359A0,863,True,sub_4359A0,4,4,4,isolated-raw-exact,exact,src/DecomphelpLeafAccessors.cpp,th10::leaf::Fn004359A0,False,canonical linked replay exact
0x00435FA0,Fn00435FA0,3379,True,sub_435FA0,36,36,36,isolated-raw-exact,exact,src/Lzss.cpp,Lzss::InitTree,False,isolated-raw-exact
0x00435FD0,Fn00435FD0,6512,False,,,42,42,isolated-byte-diff,exact,src/Lzss.cpp,Lzss::InitEncoderState,False,boundary unavailable in direct IDA
0x00436000,Fn00436000,6615,True,sub_436000,516,9,516,isolated-codegen-size-mismatch,unclassified,src/Lzss.cpp,Lzss::AddString,False,isolated-codegen-size-mismatch
0x00436260,Fn00436260,6297,True,sub_436260,79,61,70,isolated-codegen-size-mismatch,exact,src/Lzss.cpp,Lzss::ContractNode,False,isolated-codegen-size-mismatch
0x00436380,Fn00436380,2035,True,sub_436380,18,18,18,isolated-raw-exact,exact,src/ResFile.cpp,CMemoryPbgFile::CMemoryPbgFile,False,isolated-raw-exact
0x00436460,Fn00436460,6314,True,sub_436460,108,34,128,isolated-codegen-size-mismatch,exact,src/ResFile.cpp,CMemoryPbgFile::Read,False,isolated-codegen-size-mismatch
0x004364D0,Fn004364D0,2479,True,sub_4364D0,7,7,7,isolated-raw-exact,exact,src/ResFile.cpp,CMemoryPbgFile::Tell,False,isolated-raw-exact
0x004364E0,Fn004364E0,2342,True,sub_4364E0,4,4,4,isolated-byte-diff,exact,src/ResFile.cpp,CMemoryPbgFile::GetSize,False,isolated-byte-diff
0x00436560,Fn00436560,2521,False,,,9,9,isolated-raw-exact,absent,,,False,boundary unavailable in direct IDA
0x00436640,Fn00436640,2045,True,sub_436640,18,18,18,isolated-raw-exact,exact,src/DecomphelpLeafAccessors.cpp,th10::leaf::Fn00436640,False,canonical linked replay exact
0x004367E0,Fn004367E0,869,True,sub_4367E0,11,11,11,isolated-raw-exact,exact,src/DecomphelpLeafAccessors.cpp,th10::leaf::Fn004367E0,False,canonical linked replay exact
0x004367F0,Fn004367F0,876,True,sub_4367F0,3,3,3,isolated-raw-exact,exact,src/DecomphelpLeafAccessors.cpp,th10::leaf::Fn004367F0,False,canonical linked replay exact
0x00436800,Fn00436800,882,True,sub_436800,7,7,7,isolated-raw-exact,exact,src/DecomphelpLeafAccessors.cpp,th10::leaf::Fn00436800,False,canonical linked replay exact
0x00436810,Fn00436810,888,True,sub_436810,7,7,7,isolated-raw-exact,exact,src/DecomphelpLeafAccessors.cpp,th10::leaf::Fn00436810,False,canonical linked replay exact
0x00436820,Fn00436820,894,True,sub_436820,7,7,7,isolated-raw-exact,exact,src/DecomphelpLeafAccessors.cpp,th10::leaf::Fn00436820,False,canonical linked replay exact
0x00436830,Fn00436830,900,True,sub_436830,7,7,7,isolated-raw-exact,exact,src/DecomphelpLeafAccessors.cpp,th10::leaf::Fn00436830,False,canonical linked replay exact
0x00436840,Fn00436840,906,True,sub_436840,7,7,7,isolated-raw-exact,exact,src/DecomphelpLeafAccessors.cpp,th10::leaf::Fn00436840,False,canonical linked replay exact
0x00436850,Fn00436850,912,True,sub_436850,7,7,7,isolated-raw-exact,exact,src/DecomphelpLeafAccessors.cpp,th10::leaf::Fn00436850,False,canonical linked replay exact
0x00436860,Fn00436860,2949,False,,,14,14,isolated-raw-exact,absent,,,False,boundary unavailable in direct IDA
0x004369E0,Fn004369E0,1127,True,sub_4369E0,49,49,49,isolated-raw-exact,exact,src/DecomphelpLeafAccessors.cpp,th10::leaf::Fn004369E0,False,canonical linked replay exact
0x00436CF0,Fn00436CF0,6772,False,,,44,52,isolated-codegen-size-mismatch,absent,,,False,boundary unavailable in direct IDA
0x00436DA0,Fn00436DA0,4961,True,sub_436DA0,946,515,875,isolated-codegen-size-mismatch,unclassified,,,False,isolated-codegen-size-mismatch
0x004381E0,Fn004381E0,199,True,sub_4381E0,16,16,16,isolated-raw-exact,exact,src/DecomphelpLeafAccessors.cpp,th10::leaf::Fn004381E0,False,canonical linked replay exact
0x00438240,Fn00438240,4475,False,,,10,14,isolated-codegen-size-mismatch,absent,,,False,boundary unavailable in direct IDA
0x00438250,Fn00438250,2280,True,sub_438250,4,4,4,isolated-byte-diff,absent,,,False,isolated-byte-diff
0x004383E0,Fn004383E0,4485,True,unknown_libname_2,14,10,14,isolated-codegen-size-mismatch,absent,,,False,isolated-codegen-size-mismatch
0x00438400,Fn00438400,2055,True,sub_438400,3,3,1,isolated-codegen-size-mismatch,absent,,,False,isolated-codegen-size-mismatch
0x00438590,Fn00438590,5608,True,sub_438590,31,23,29,isolated-codegen-size-mismatch,excluded,,,False,isolated-codegen-size-mismatch
0x00438680,Fn00438680,4495,True,unknown_libname_3,14,10,14,isolated-codegen-size-mismatch,absent,,,False,isolated-codegen-size-mismatch
0x00438870,Fn00438870,2287,True,nullsub_55,1,1,1,isolated-raw-exact,exact,src/DecomphelpLeafAccessors.cpp,th10::leaf::Fn00438870,False,canonical linked replay exact
0x004388F0,Fn004388F0,4013,False,,,22,22,isolated-raw-exact,absent,,,False,boundary unavailable in direct IDA
0x00438940,Fn00438940,1145,False,,,10,10,isolated-raw-exact,absent,,,False,boundary unavailable in direct IDA
0x004389A0,Fn004389A0,4021,False,,,16,70,isolated-codegen-size-mismatch,absent,,,False,boundary unavailable in direct IDA
0x004389C0,Fn004389C0,918,True,sub_4389C0,4,4,4,isolated-raw-exact,exact,src/DecomphelpLeafAccessors.cpp,th10::leaf::Fn004389C0,False,canonical linked replay exact
0x004389D0,Fn004389D0,924,True,sub_4389D0,4,4,4,isolated-raw-exact,exact,src/DecomphelpLeafAccessors.cpp,th10::leaf::Fn004389D0,False,canonical linked replay exact
0x004389E0,Fn004389E0,930,True,sub_4389E0,4,4,4,isolated-raw-exact,exact,src/DecomphelpLeafAccessors.cpp,th10::leaf::Fn004389E0,False,canonical linked replay exact
0x0043A490,Fn0043A490,936,True,sub_43A490,14,14,14,isolated-raw-exact,exact,src/DecomphelpLeafAccessors.cpp,th10::leaf::Fn0043A490,False,canonical linked replay exact
0x0043AF00,Fn0043AF00,2749,True,sub_43AF00,39,39,39,isolated-raw-exact,exact,src/DecomphelpLeafAccessors.cpp,th10::leaf::Fn0043AF00,False,canonical linked replay exact
0x0043B8C0,Fn0043B8C0,2293,True,nullsub_56,1,1,1,isolated-raw-exact,exact,src/DecomphelpLeafAccessors.cpp,th10::leaf::Fn0043B8C0,False,canonical linked replay exact
0x0043BBF0,Fn0043BBF0,943,True,sub_43BBF0,4,4,4,isolated-raw-exact,exact,src/DecomphelpLeafAccessors.cpp,th10::leaf::Fn0043BBF0,False,canonical linked replay exact
0x0043BC00,Fn0043BC00,949,True,sub_43BC00,4,4,4,isolated-raw-exact,exact,src/DecomphelpLeafAccessors.cpp,th10::leaf::Fn0043BC00,False,canonical linked replay exact
0x0043BC10,Fn0043BC10,955,True,sub_43BC10,4,4,4,isolated-raw-exact,exact,src/DecomphelpLeafAccessors.cpp,th10::leaf::Fn0043BC10,False,canonical linked replay exact
0x0043BC20,Fn0043BC20,4028,False,,,23,62,isolated-codegen-size-mismatch,absent,,,False,boundary unavailable in direct IDA
0x0043BF90,Fn0043BF90,2061,True,sub_43BF90,3,3,1,isolated-codegen-size-mismatch,absent,,,False,isolated-codegen-size-mismatch
0x0043C930,Fn0043C930,4704,False,,,57,57,isolated-byte-diff,absent,,,False,boundary unavailable in direct IDA
0x0043CBE0,Fn0043CBE0,2300,True,nullsub_57,1,1,1,isolated-raw-exact,exact,src/DecomphelpLeafAccessors.cpp,th10::leaf::Fn0043CBE0,False,canonical linked replay exact
0x0043CC30,Fn0043CC30,1156,True,sub_43CC30,13,13,13,isolated-raw-exact,exact,src/DecomphelpLeafAccessors.cpp,th10::leaf::Fn0043CC30,False,canonical linked replay exact
0x0043E460,Fn0043E460,5837,True,sub_43E460,104,13,102,isolated-codegen-size-mismatch,unclassified,,,False,isolated-codegen-size-mismatch
0x0043E520,Fn0043E520,961,True,sub_43E520,7,7,7,isolated-raw-exact,exact,src/DecomphelpLeafAccessors.cpp,th10::leaf::Fn0043E520,False,canonical linked replay exact
0x0043E530,Fn0043E530,967,True,sub_43E530,4,4,4,isolated-raw-exact,exact,src/DecomphelpLeafAccessors.cpp,th10::leaf::Fn0043E530,False,canonical linked replay exact
0x0043E570,Fn0043E570,2306,True,nullsub_58,1,1,1,isolated-raw-exact,exact,src/DecomphelpLeafAccessors.cpp,th10::leaf::Fn0043E570,False,canonical linked replay exact
0x0043E580,Fn0043E580,4037,False,,,32,32,isolated-raw-exact,absent,,,False,boundary unavailable in direct IDA
0x0043EDA0,Fn0043EDA0,5868,True,sub_43EDA0,92,38,124,isolated-codegen-size-mismatch,exact,src/AnmManager.cpp,AnmVmView::GetIntVarPtr,False,isolated-codegen-size-mismatch
0x00441520,Fn00441520,6801,False,,,29,88,isolated-codegen-size-mismatch,absent,,,False,boundary unavailable in direct IDA
0x00441940,Fn00441940,973,True,sub_441940,4,4,4,isolated-raw-exact,exact,src/DecomphelpLeafAccessors.cpp,th10::leaf::Fn00441940,False,canonical linked replay exact
0x00441D60,Fn00441D60,979,True,sub_441D60,4,4,4,isolated-raw-exact,exact,src/DecomphelpLeafAccessors.cpp,th10::leaf::Fn00441D60,False,canonical linked replay exact
0x00441DD0,Fn00441DD0,3660,False,,,16,16,isolated-byte-diff,absent,,,False,boundary unavailable in direct IDA
0x00441E00,Fn00441E00,3676,False,,,16,16,isolated-byte-diff,absent,,,False,boundary unavailable in direct IDA
0x00441E90,Fn00441E90,3393,False,,,35,41,isolated-codegen-size-mismatch,absent,,,False,boundary unavailable in direct IDA
0x00441EC0,Fn00441EC0,6383,False,,,30,43,isolated-codegen-size-mismatch,absent,,,False,boundary unavailable in direct IDA
0x00441F50,Fn00441F50,5621,True,sub_441F50,116,116,119,isolated-codegen-size-mismatch,exact,src/AnmManager.cpp,AnmVmView::StartSecondaryAlphaInterpolation,False,isolated-codegen-size-mismatch
0x00441FD0,Fn00441FD0,985,True,sub_441FD0,4,4,4,isolated-raw-exact,exact,src/DecomphelpLeafAccessors.cpp,th10::leaf::Fn00441FD0,False,canonical linked replay exact
0x00441FE0,Fn00441FE0,1580,True,sub_441FE0,4,4,4,isolated-raw-exact,exact,src/DecomphelpLeafAccessors.cpp,th10::leaf::Fn00441FE0,False,canonical linked replay exact
0x00441FF0,Fn00441FF0,2759,True,sub_441FF0,5,5,5,isolated-raw-exact,exact,src/DecomphelpLeafAccessors.cpp,th10::leaf::Fn00441FF0,False,canonical linked replay exact
0x00442000,Fn00442000,2765,True,sub_442000,6,6,6,isolated-raw-exact,exact,src/DecomphelpLeafAccessors.cpp,th10::leaf::Fn00442000,False,canonical linked replay exact
0x00442010,Fn00442010,4722,False,,,50,50,isolated-raw-exact,absent,,,False,boundary unavailable in direct IDA
0x00442050,Fn00442050,5892,True,sub_442050,208,208,224,isolated-codegen-size-mismatch,exact,src/AnmManager.cpp,AnmVmView::StartSecondaryColorInterpolation,False,isolated-codegen-size-mismatch
0x00442130,Fn00442130,2771,True,sub_442130,20,20,21,isolated-codegen-size-mismatch,absent,,,False,isolated-codegen-size-mismatch
0x00442150,Fn00442150,2779,True,sub_442150,20,20,21,isolated-codegen-size-mismatch,absent,,,False,isolated-codegen-size-mismatch
0x00442170,Fn00442170,1586,True,sub_442170,4,4,4,isolated-raw-exact,exact,src/DecomphelpLeafAccessors.cpp,th10::leaf::Fn00442170,False,canonical linked replay exact
0x00442180,Fn00442180,2787,False,,,20,20,isolated-raw-exact,absent,,,False,boundary unavailable in direct IDA
0x004421A0,Fn004421A0,2795,True,sub_4421A0,17,17,20,isolated-codegen-size-mismatch,absent,,,False,isolated-codegen-size-mismatch
0x004421C0,Fn004421C0,4045,True,sub_4421C0,20,20,18,isolated-codegen-size-mismatch,absent,,,False,isolated-codegen-size-mismatch
0x004421E0,Fn004421E0,4739,False,,,50,50,isolated-raw-exact,absent,,,False,boundary unavailable in direct IDA
0x00442220,Fn00442220,5935,True,sub_442220,208,208,224,isolated-codegen-size-mismatch,exact,src/AnmManager.cpp,AnmVmView::StartPrimaryColorInterpolation,False,isolated-codegen-size-mismatch
0x00442300,Fn00442300,5642,True,sub_442300,130,130,126,isolated-codegen-size-mismatch,unclassified,src/AnmManager.cpp,AnmVmView::StartPrimaryAlphaInterpolation,False,isolated-codegen-size-mismatch
0x00442390,Fn00442390,2804,True,sub_442390,6,6,6,isolated-raw-exact,exact,src/DecomphelpLeafAccessors.cpp,th10::leaf::Fn00442390,False,canonical linked replay exact
0x004423A0,Fn004423A0,2810,True,sub_4423A0,6,6,6,isolated-raw-exact,exact,src/DecomphelpLeafAccessors.cpp,th10::leaf::Fn004423A0,False,canonical linked replay exact
0x004423C0,Fn004423C0,2549,True,sub_4423C0,25,25,30,isolated-codegen-size-mismatch,exact,src/AnmManager.cpp,MixAnmColor,False,isolated-codegen-size-mismatch
0x00442F30,Fn00442F30,2434,True,sub_442F30,29,3,29,isolated-codegen-size-mismatch,exact,src/AnmManager.cpp,AnmRenderManagerView::ClearVertexBuffer,False,isolated-codegen-size-mismatch
0x00442FE0,Fn00442FE0,6708,True,sub_442FE0,157,7,230,isolated-codegen-size-mismatch,exact,src/AnmManager.cpp,AnmRenderManagerView::AddSpriteToDrawBuffer,False,isolated-codegen-size-mismatch
0x004452E0,Fn004452E0,991,True,sub_4452E0,10,10,10,isolated-raw-exact,exact,src/DecomphelpLeafAccessors.cpp,th10::leaf::Fn004452E0,False,canonical linked replay exact
0x004458A0,Fn004458A0,997,True,sub_4458A0,7,7,7,isolated-raw-exact,exact,src/DecomphelpLeafAccessors.cpp,th10::leaf::Fn004458A0,False,canonical linked replay exact
0x004458D0,Fn004458D0,2067,True,sub_4458D0,3,3,1,isolated-codegen-size-mismatch,absent,,,False,isolated-codegen-size-mismatch
0x004458E0,Fn004458E0,2073,True,sub_4458E0,3,3,1,isolated-codegen-size-mismatch,absent,,,False,isolated-codegen-size-mismatch
0x004458F0,Fn004458F0,2079,True,sub_4458F0,3,3,1,isolated-codegen-size-mismatch,absent,,,False,isolated-codegen-size-mismatch
0x00446210,Fn00446210,2085,True,sub_446210,3,3,1,isolated-codegen-size-mismatch,absent,,,False,isolated-codegen-size-mismatch
0x004464D0,Fn004464D0,4255,False,,,36,42,isolated-codegen-size-mismatch,absent,,,False,boundary unavailable in direct IDA
0x00447790,Fn00447790,5978,False,,,58,62,isolated-codegen-size-mismatch,absent,,,False,boundary unavailable in direct IDA
0x00449770,Fn00449770,6355,False,,,8,52,isolated-codegen-size-mismatch,absent,,,False,boundary unavailable in direct IDA
0x004497B0,Fn004497B0,6562,False,,,28,31,isolated-codegen-size-mismatch,absent,,,False,boundary unavailable in direct IDA
0x00449860,Fn00449860,207,False,,,10,10,isolated-raw-exact,absent,,,False,boundary unavailable in direct IDA
0x00449A00,Fn00449A00,4271,False,,,23,25,isolated-codegen-size-mismatch,absent,,,False,boundary unavailable in direct IDA
0x00449A20,Fn00449A20,2955,True,sub_449A20,8,8,8,isolated-raw-exact,exact,src/DecomphelpLeafAccessors.cpp,th10::leaf::Fn00449A20,False,canonical linked replay exact
0x00449A30,Fn00449A30,4062,False,,,16,16,isolated-raw-exact,absent,,,False,boundary unavailable in direct IDA
0x00449A50,Fn00449A50,2816,True,sub_449A50,32,32,32,isolated-byte-diff,absent,,,False,isolated-byte-diff
0x00449AA0,Fn00449AA0,2829,True,sub_449AA0,59,59,69,isolated-codegen-size-mismatch,unclassified,,,False,isolated-codegen-size-mismatch
0x0044B9B0,Fn0044B9B0,2963,True,sub_44B9B0,39,39,35,isolated-codegen-size-mismatch,exact,src/RandomMath.cpp,RngView::GetRandomU16,False,isolated-codegen-size-mismatch
0x0044B9E0,Fn0044B9E0,3416,True,sub_44B9E0,78,78,159,isolated-codegen-size-mismatch,exact,src/RandomMath.cpp,RngView::GetRandomU32,False,isolated-codegen-size-mismatch
0x0044BA30,Fn0044BA30,3429,False,,,78,159,isolated-codegen-size-mismatch,unclassified,,,False,boundary unavailable in direct IDA
0x0044BB20,Fn0044BB20,6057,True,sub_44BB20,109,109,93,isolated-codegen-size-mismatch,exact,src/RandomMath.cpp,RngView::GetRandomF32,False,isolated-codegen-size-mismatch
0x0044BB90,Fn0044BB90,6082,True,sub_44BB90,115,115,99,isolated-codegen-size-mismatch,exact,src/RandomMath.cpp,RngView::GetRandomF32Signed,False,isolated-codegen-size-mismatch
0x0044BC10,Fn0044BC10,4772,True,sub_44BC10,94,94,151,isolated-codegen-size-mismatch,exact,src/AnmManager.cpp,AddNormalizeAngle,False,isolated-codegen-size-mismatch
0x0044BC70,Fn0044BC70,4798,True,sub_44BC70,94,61,151,isolated-codegen-size-mismatch,exact,src/EnemyEclDispatcher.cpp,EnemyWrapAngle,False,isolated-codegen-size-mismatch
0x0044BFF0,Fn0044BFF0,3692,False,,,6,6,isolated-raw-exact,absent,,,False,boundary unavailable in direct IDA
0x0044C0E0,Fn0044C0E0,2091,True,sub_44C0E0,21,21,21,isolated-raw-exact,exact,src/DecomphelpLeafAccessors.cpp,th10::leaf::Fn0044C0E0,False,canonical linked replay exact
0x0044C250,Fn0044C250,1003,True,sub_44C250,4,4,4,isolated-raw-exact,exact,src/DecomphelpLeafAccessors.cpp,th10::leaf::Fn0044C250,False,canonical linked replay exact
0x0044C600,Fn0044C600,1009,True,sub_44C600,4,4,4,isolated-raw-exact,exact,src/DecomphelpLeafAccessors.cpp,th10::leaf::Fn0044C600,False,canonical linked replay exact
0x0044C610,Fn0044C610,2318,True,nullsub_60,1,1,1,isolated-raw-exact,exact,src/DecomphelpLeafAccessors.cpp,th10::leaf::Fn0044C610,False,canonical linked replay exact
0x0044C620,Fn0044C620,213,True,sub_44C620,14,14,14,isolated-raw-exact,exact,src/DecomphelpLeafAccessors.cpp,th10::leaf::Fn0044C620,False,canonical linked replay exact
0x0044C640,Fn0044C640,1171,False,,,17,17,isolated-raw-exact,absent,,,False,boundary unavailable in direct IDA
0x0044C660,Fn0044C660,2324,False,,,1,1,isolated-raw-exact,absent,,,False,boundary unavailable in direct IDA
0x0044C670,Fn0044C670,2442,False,,,52,52,isolated-byte-diff,absent,,,False,boundary unavailable in direct IDA
0x0044C6D0,Fn0044C6D0,1182,False,,,12,12,isolated-raw-exact,absent,,,False,boundary unavailable in direct IDA
0x0044C760,Fn0044C760,1015,False,,,7,7,isolated-raw-exact,absent,,,False,boundary unavailable in direct IDA
0x0044D3E0,Fn0044D3E0,4505,False,,,15,19,isolated-codegen-size-mismatch,absent,,,False,boundary unavailable in direct IDA
0x0044DBB0,Fn0044DBB0,1191,True,sub_44DBB0,17,17,17,isolated-raw-exact,exact,src/DecomphelpLeafAccessors.cpp,th10::leaf::Fn0044DBB0,False,canonical linked replay exact
0x0044DD30,Fn0044DD30,1021,True,sub_44DD30,4,4,4,isolated-raw-exact,exact,src/DecomphelpLeafAccessors.cpp,th10::leaf::Fn0044DD30,False,canonical linked replay exact
0x0044DF10,Fn0044DF10,2330,True,nullsub_63,1,1,1,isolated-raw-exact,exact,src/DecomphelpLeafAccessors.cpp,th10::leaf::Fn0044DF10,False,canonical linked replay exact
0x0044DF20,Fn0044DF20,2850,True,sub_44DF20,11,11,13,isolated-codegen-size-mismatch,absent,,,False,isolated-codegen-size-mismatch
0x0044DF30,Fn0044DF30,2336,True,sub_44DF30,3,3,3,isolated-raw-exact,exact,src/DecomphelpLeafAccessors.cpp,th10::leaf::Fn0044DF30,False,canonical linked replay exact
0x0044DF40,Fn0044DF40,1027,True,sub_44DF40,7,7,7,isolated-raw-exact,exact,src/DecomphelpLeafAccessors.cpp,th10::leaf::Fn0044DF40,False,canonical linked replay exact
0x0044DF50,Fn0044DF50,1033,True,sub_44DF50,7,7,7,isolated-raw-exact,exact,src/DecomphelpLeafAccessors.cpp,th10::leaf::Fn0044DF50,False,canonical linked replay exact
0x0044DF60,Fn0044DF60,1039,True,sub_44DF60,7,7,7,isolated-raw-exact,exact,src/DecomphelpLeafAccessors.cpp,th10::leaf::Fn0044DF60,False,canonical linked replay exact
0x004501E0,Fn004501E0,2103,True,sub_4501E0,7,,7,target-size-missing,absent,,,False,target-size-missing
0x004505B0,Fn004505B0,5268,True,sub_4505B0,96,,112,target-size-missing,exact,src/EclVm.cpp,EclVmStackView::Push,False,target-size-missing
0x00450690,Fn00450690,5305,True,sub_450690,64,,64,target-size-missing,exact,src/EclVm.cpp,EclVmStackView::EnterFrame,False,target-size-missing
0x004506D0,Fn004506D0,6464,True,sub_4506D0,41,,44,target-size-missing,exact,src/EclVm.cpp,EclVmStackView::LeaveFrame,False,target-size-missing
0x0045E3A0,Fn0045E3A0,2111,True,sub_45E3A0,3,,3,target-size-missing,excluded,,,False,target-size-missing
